data,porto,condicao_tempo,temperatura_celsius,umidade_percentual,velocidade_vento_kmh
2024-01-01,Santos,Ensolarado,25.9,72,11.3
2024-01-01,Rio de Janeiro,Nublado,25.6,71,11.6
2024-01-01,Salvador,Nublado,29.9,74,11.0
2024-01-01,Rio Grande,Nublado,26.3,60,9.0
2024-01-01,Suape,Nublado,25.8,82,7.1
2024-01-02,Santos,Ensolarado,30.9,60,5.7
2024-01-02,Rio de Janeiro,Ensolarado,30.9,78,12.3
2024-01-02,Salvador,Ensolarado,28.0,65,14.7
2024-01-02,Rio Grande,Nublado,24.2,62,6.1
2024-01-02,Suape,Nublado,22.6,79,13.3
2024-01-03,Santos,Ensolarado,24.9,78,11.2
2024-01-03,Rio de Janeiro,Ensolarado,30.5,62,13.0
2024-01-03,Salvador,Ensolarado,24.6,72,14.6
2024-01-03,Rio Grande,Nublado,23.4,71,5.1
2024-01-03,Suape,Nublado,23.9,62,7.6
2024-01-04,Santos,Ensolarado,30.7,82,10.3
2024-01-04,Rio de Janeiro,Nublado,31.0,67,6.3
2024-01-04,Salvador,Nublado,31.1,63,11.6
2024-01-04,Rio Grande,Nublado,30.2,76,11.2
2024-01-04,Suape,Ensolarado,23.2,77,13.5
2024-01-05,Santos,Ensolarado,25.6,77,8.3
2024-01-05,Rio de Janeiro,Ensolarado,23.5,66,7.5
2024-01-05,Salvador,Nublado,26.8,77,10.9
2024-01-05,Rio Grande,Nublado,31.1,77,9.6
2024-01-05,Suape,Ensolarado,28.2,73,5.7
2024-01-06,Santos,Ensolarado,25.4,66,7.1
2024-01-06,Rio de Janeiro,Ensolarado,29.4,80,13.3
2024-01-06,Salvador,Nublado,29.0,77,12.5
2024-01-06,Rio Grande,Nublado,29.6,78,13.2
2024-01-06,Suape,Nublado,27.9,73,14.0
2024-01-07,Santos,Nublado,29.2,64,14.3
2024-01-07,Rio de Janeiro,Ensolarado,28.5,64,6.1
2024-01-07,Salvador,Ensolarado,27.8,74,7.2
2024-01-07,Rio Grande,Nublado,28.5,77,9.7
2024-01-07,Suape,Nublado,25.6,68,5.8
2024-01-08,Santos,Nublado,25.3,61,8.8
2024-01-08,Rio de Janeiro,Nublado,31.8,64,9.1
2024-01-08,Salvador,Nublado,29.1,82,14.1
2024-01-08,Rio Grande,Nublado,31.1,83,12.9
2024-01-08,Suape,Nublado,31.2,82,12.2
2024-01-09,Santos,Ensolarado,31.7,64,7.6
2024-01-09,Rio de Janeiro,Ensolarado,23.3,63,13.6
2024-01-09,Salvador,Ensolarado,27.6,77,13.9
2024-01-09,Rio Grande,Ensolarado,27.9,69,7.7
2024-01-09,Suape,Ensolarado,28.5,64,5.6
2024-01-10,Santos,Ensolarado,27.7,61,11.4
2024-01-10,Rio de Janeiro,Ensolarado,29.4,67,7.5
2024-01-10,Salvador,Ensolarado,30.8,78,13.8
2024-01-10,Rio Grande,Nublado,31.0,82,14.2
2024-01-10,Suape,Ensolarado,26.7,66,13.9
2024-01-11,Santos,Ensolarado,30.5,63,13.8
2024-01-11,Rio de Janeiro,Nublado,27.4,68,5.9
2024-01-11,Salvador,Nublado,26.4,60,12.1
2024-01-11,Rio Grande,Ensolarado,25.0,76,5.4
2024-01-11,Suape,Ensolarado,28.5,73,6.7
2024-01-12,Santos,Nublado,28.7,67,12.1
2024-01-12,Rio de Janeiro,Ensolarado,26.9,77,5.5
2024-01-12,Salvador,Nublado,23.0,67,6.3
2024-01-12,Rio Grande,Nublado,26.9,73,6.0
2024-01-12,Suape,Nublado,28.2,67,7.0
2024-01-13,Santos,Nublado,22.4,66,8.7
2024-01-13,Rio de Janeiro,Ensolarado,30.1,62,8.6
2024-01-13,Salvador,Ensolarado,26.8,60,5.1
2024-01-13,Rio Grande,Nublado,24.6,78,13.4
2024-01-13,Suape,Ensolarado,25.7,80,9.9
2024-01-14,Santos,Ensolarado,23.5,63,13.6
2024-01-14,Rio de Janeiro,Ensolarado,22.6,65,8.1
2024-01-14,Salvador,Ensolarado,31.6,83,13.0
2024-01-14,Rio Grande,Nublado,26.1,70,13.5
2024-01-14,Suape,Ensolarado,31.0,73,8.5
2024-01-15,Santos,Nublado,29.7,80,11.6
2024-01-15,Rio de Janeiro,Nublado,26.0,68,6.8
2024-01-15,Salvador,Ensolarado,26.8,70,14.6
2024-01-15,Rio Grande,Nublado,22.3,65,13.1
2024-01-15,Suape,Nublado,22.1,78,10.4
2024-01-16,Santos,Nublado,29.4,68,8.4
2024-01-16,Rio de Janeiro,Ensolarado,31.9,81,14.2
2024-01-16,Salvador,Ensolarado,28.2,79,12.0
2024-01-16,Rio Grande,Ensolarado,29.7,75,14.8
2024-01-16,Suape,Ensolarado,22.2,61,6.5
2024-01-17,Santos,Nublado,23.5,74,11.6
2024-01-17,Rio de Janeiro,Ensolarado,25.4,67,7.9
2024-01-17,Salvador,Nublado,28.5,72,12.7
2024-01-17,Rio Grande,Nublado,31.0,65,5.2
2024-01-17,Suape,Ensolarado,22.2,84,5.0
2024-01-18,Santos,Ensolarado,23.1,80,10.5
2024-01-18,Rio de Janeiro,Ensolarado,23.4,69,10.8
2024-01-18,Salvador,Ensolarado,31.2,69,12.3
2024-01-18,Rio Grande,Nublado,24.8,69,7.1
2024-01-18,Suape,Nublado,31.1,78,10.8
2024-01-19,Santos,Ensolarado,27.8,82,13.4
2024-01-19,Rio de Janeiro,Ensolarado,24.1,63,10.2
2024-01-19,Salvador,Ensolarado,25.3,74,8.4
2024-01-19,Rio Grande,Nublado,24.0,75,12.7
2024-01-19,Suape,Nublado,26.5,79,12.1
2024-01-20,Santos,Ensolarado,25.2,79,14.4
2024-01-20,Rio de Janeiro,Ensolarado,22.4,72,12.4
2024-01-20,Salvador,Nublado,30.0,76,11.4
2024-01-20,Rio Grande,Nublado,29.4,65,9.3
2024-01-20,Suape,Ensolarado,31.7,83,14.9
2024-01-21,Santos,Nublado,26.2,80,10.4
2024-01-21,Rio de Janeiro,Nublado,23.6,61,12.1
2024-01-21,Salvador,Nublado,28.9,78,14.6
2024-01-21,Rio Grande,Ensolarado,29.0,61,6.4
2024-01-21,Suape,Nublado,30.6,73,7.8
2024-01-22,Santos,Ensolarado,27.1,84,14.1
2024-01-22,Rio de Janeiro,Nublado,22.9,82,11.7
2024-01-22,Salvador,Ensolarado,24.2,82,10.9
2024-01-22,Rio Grande,Ensolarado,26.4,71,8.8
2024-01-22,Suape,Nublado,30.3,64,6.1
2024-01-23,Santos,Nublado,23.0,82,12.8
2024-01-23,Rio de Janeiro,Nublado,23.3,60,13.4
2024-01-23,Salvador,Nublado,25.1,76,7.9
2024-01-23,Rio Grande,Ensolarado,22.1,84,13.7
2024-01-23,Suape,Ensolarado,23.4,66,11.8
2024-01-24,Santos,Nublado,28.2,63,10.5
2024-01-24,Rio de Janeiro,Nublado,23.4,78,9.9
2024-01-24,Salvador,Nublado,22.2,64,10.6
2024-01-24,Rio Grande,Nublado,26.1,84,13.9
2024-01-24,Suape,Nublado,29.2,75,13.0
2024-01-25,Santos,Nublado,28.6,77,12.4
2024-01-25,Rio de Janeiro,Ensolarado,26.4,72,6.3
2024-01-25,Salvador,Ensolarado,29.2,77,14.7
2024-01-25,Rio Grande,Ensolarado,31.2,61,14.2
2024-01-25,Suape,Nublado,22.7,80,13.5
2024-01-26,Santos,Ensolarado,27.9,77,9.1
2024-01-26,Rio de Janeiro,Nublado,31.3,70,12.6
2024-01-26,Salvador,Nublado,22.7,63,13.5
2024-01-26,Rio Grande,Nublado,23.5,72,6.0
2024-01-26,Suape,Ensolarado,27.4,72,5.8
2024-01-27,Santos,Nublado,31.9,61,12.7
2024-01-27,Rio de Janeiro,Ensolarado,27.7,70,8.2
2024-01-27,Salvador,Ensolarado,27.4,64,12.9
2024-01-27,Rio Grande,Nublado,30.0,66,13.0
2024-01-27,Suape,Nublado,29.8,68,7.7
2024-01-28,Santos,Nublado,28.9,71,12.5
2024-01-28,Rio de Janeiro,Ensolarado,31.8,68,11.1
2024-01-28,Salvador,Nublado,25.5,65,11.2
2024-01-28,Rio Grande,Ensolarado,22.1,83,5.4
2024-01-28,Suape,Ensolarado,30.6,77,5.6
2024-01-29,Santos,Nublado,26.8,61,7.9
2024-01-29,Rio de Janeiro,Nublado,24.9,77,14.8
2024-01-29,Salvador,Ensolarado,23.4,84,10.7
2024-01-29,Rio Grande,Ensolarado,26.2,65,9.3
2024-01-29,Suape,Nublado,23.2,75,13.5
2024-01-30,Santos,Nublado,23.7,73,7.9
2024-01-30,Rio de Janeiro,Nublado,26.7,82,5.2
2024-01-30,Salvador,Ensolarado,30.6,77,11.7
2024-01-30,Rio Grande,Ensolarado,22.4,64,7.4
2024-01-30,Suape,Nublado,31.8,81,14.6
2024-01-31,Santos,Nublado,27.4,77,8.8
2024-01-31,Rio de Janeiro,Nublado,23.0,76,7.6
2024-01-31,Salvador,Nublado,22.2,62,14.0
2024-01-31,Rio Grande,Ensolarado,28.6,67,12.6
2024-01-31,Suape,Nublado,23.2,83,14.6
2024-02-01,Santos,Nublado,24.2,63,11.1
2024-02-01,Rio de Janeiro,Nublado,30.0,63,12.9
2024-02-01,Salvador,Ensolarado,25.3,71,12.1
2024-02-01,Rio Grande,Nublado,31.0,83,8.5
2024-02-01,Suape,Nublado,27.8,65,12.5
2024-02-02,Santos,Nublado,25.4,79,13.2
2024-02-02,Rio de Janeiro,Ensolarado,27.4,83,14.1
2024-02-02,Salvador,Ensolarado,29.1,68,12.0
2024-02-02,Rio Grande,Ensolarado,23.8,72,9.1
2024-02-02,Suape,Nublado,22.8,65,10.9
2024-02-03,Santos,Ensolarado,27.2,76,10.9
2024-02-03,Rio de Janeiro,Nublado,31.8,71,11.5
2024-02-03,Salvador,Nublado,30.1,82,11.4
2024-02-03,Rio Grande,Nublado,22.3,64,11.7
2024-02-03,Suape,Nublado,25.4,64,10.1
2024-02-04,Santos,Ensolarado,23.2,71,13.4
2024-02-04,Rio de Janeiro,Nublado,30.6,60,12.3
2024-02-04,Salvador,Nublado,25.8,82,6.5
2024-02-04,Rio Grande,Nublado,29.4,84,7.9
2024-02-04,Suape,Ensolarado,25.8,61,13.4
2024-02-05,Santos,Chuvoso,18.6,92,24.4
2024-02-05,Rio de Janeiro,Nublado,28.7,82,7.9
2024-02-05,Salvador,Ensolarado,26.2,65,10.9
2024-02-05,Rio Grande,Tempestade,23.6,88,35.1
2024-02-05,Suape,Nublado,26.1,62,13.9
2024-02-06,Santos,Chuvoso,24.0,90,25.7
2024-02-06,Rio de Janeiro,Ensolarado,30.1,68,13.3
2024-02-06,Salvador,Tempestade,24.4,96,31.6
2024-02-06,Rio Grande,Tempestade,21.5,97,39.9
2024-02-06,Suape,Nublado,30.4,73,13.6
2024-02-07,Santos,Tempestade,21.7,94,32.9
2024-02-07,Rio de Janeiro,Tempestade,20.3,86,36.2
2024-02-07,Salvador,Chuvoso,24.8,87,16.8
2024-02-07,Rio Grande,Tempestade,21.5,98,35.7
2024-02-07,Suape,Tempestade,23.0,91,20.1
2024-02-08,Santos,Chuvoso,19.8,87,15.9
2024-02-08,Rio de Janeiro,Chuvoso,22.7,88,34.6
2024-02-08,Salvador,Nublado,29.8,65,10.2
2024-02-08,Rio Grande,Chuvoso,20.5,93,24.6
2024-02-08,Suape,Tempestade,21.7,89,19.1
2024-02-09,Santos,Tempestade,22.7,85,26.1
2024-02-09,Rio de Janeiro,Tempestade,21.6,95,35.3
2024-02-09,Salvador,Ensolarado,26.9,83,13.7
2024-02-09,Rio Grande,Nublado,31.0,60,14.8
2024-02-09,Suape,Nublado,31.1,60,8.7
2024-02-10,Santos,Chuvoso,21.8,95,21.0
2024-02-10,Rio de Janeiro,Nublado,31.0,82,14.4
2024-02-10,Salvador,Tempestade,18.7,89,34.6
2024-02-10,Rio Grande,Chuvoso,24.1,94,31.8
2024-02-10,Suape,Chuvoso,20.1,97,28.9
2024-02-11,Santos,Chuvoso,19.7,85,38.6
2024-02-11,Rio de Janeiro,Nublado,29.5,74,5.8
2024-02-11,Salvador,Chuvoso,23.7,87,21.9
2024-02-11,Rio Grande,Tempestade,21.3,89,35.9
2024-02-11,Suape,Ensolarado,31.3,67,5.4
2024-02-12,Santos,Tempestade,19.0,96,25.5
2024-02-12,Rio de Janeiro,Chuvoso,24.4,85,21.2
2024-02-12,Salvador,Tempestade,18.3,90,35.3
2024-02-12,Rio Grande,Tempestade,23.6,86,20.1
2024-02-12,Suape,Chuvoso,19.8,96,21.2
2024-02-13,Santos,Chuvoso,21.6,96,23.7
2024-02-13,Rio de Janeiro,Ensolarado,31.7,62,7.1
2024-02-13,Salvador,Chuvoso,24.9,85,29.5
2024-02-13,Rio Grande,Tempestade,19.9,88,17.6
2024-02-13,Suape,Nublado,27.5,68,12.1
2024-02-14,Santos,Chuvoso,19.6,88,36.2
2024-02-14,Rio de Janeiro,Chuvoso,18.7,98,25.4
2024-02-14,Salvador,Tempestade,24.7,88,38.8
2024-02-14,Rio Grande,Ensolarado,29.1,72,12.6
2024-02-14,Suape,Tempestade,23.7,92,39.0
2024-02-15,Santos,Chuvoso,20.1,97,26.1
2024-02-15,Rio de Janeiro,Chuvoso,20.0,89,27.5
2024-02-15,Salvador,Tempestade,21.5,97,26.5
2024-02-15,Rio Grande,Tempestade,24.7,90,37.9
2024-02-15,Suape,Chuvoso,22.0,92,15.5
2024-02-16,Santos,Chuvoso,22.3,90,21.7
2024-02-16,Rio de Janeiro,Chuvoso,22.1,86,39.6
2024-02-16,Salvador,Tempestade,19.8,97,22.5
2024-02-16,Rio Grande,Ensolarado,22.0,69,6.3
2024-02-16,Suape,Chuvoso,21.7,89,16.5
2024-02-17,Santos,Ensolarado,27.4,76,7.6
2024-02-17,Rio de Janeiro,Nublado,29.0,67,9.2
2024-02-17,Salvador,Chuvoso,21.6,95,25.8
2024-02-17,Rio Grande,Tempestade,24.7,87,26.0
2024-02-17,Suape,Chuvoso,18.4,85,30.1
2024-02-18,Santos,Nublado,29.4,61,7.1
2024-02-18,Rio de Janeiro,Chuvoso,22.3,98,24.3
2024-02-18,Salvador,Chuvoso,19.4,96,22.3
2024-02-18,Rio Grande,Chuvoso,20.4,88,32.7
2024-02-18,Suape,Chuvoso,23.7,85,17.5
2024-02-19,Santos,Ensolarado,27.2,65,12.4
2024-02-19,Rio de Janeiro,Ensolarado,31.1,80,11.7
2024-02-19,Salvador,Nublado,23.1,76,5.0
2024-02-19,Rio Grande,Nublado,26.5,77,9.0
2024-02-19,Suape,Ensolarado,31.3,79,6.7
2024-02-20,Santos,Ensolarado,27.8,80,6.9
2024-02-20,Rio de Janeiro,Nublado,26.2,65,13.8
2024-02-20,Salvador,Nublado,29.7,75,6.2
2024-02-20,Rio Grande,Nublado,30.0,60,12.2
2024-02-20,Suape,Ensolarado,26.4,75,12.8
2024-02-21,Santos,Ensolarado,25.3,63,13.1
2024-02-21,Rio de Janeiro,Nublado,30.7,61,11.6
2024-02-21,Salvador,Nublado,25.2,72,12.1
2024-02-21,Rio Grande,Nublado,27.0,63,13.6
2024-02-21,Suape,Nublado,30.6,83,9.2
2024-02-22,Santos,Ensolarado,30.9,77,12.3
2024-02-22,Rio de Janeiro,Ensolarado,28.9,75,7.6
2024-02-22,Salvador,Nublado,27.7,69,10.7
2024-02-22,Rio Grande,Ensolarado,29.8,66,10.7
2024-02-22,Suape,Ensolarado,30.5,62,13.9
2024-02-23,Santos,Nublado,28.9,82,9.5
2024-02-23,Rio de Janeiro,Nublado,23.7,78,13.8
2024-02-23,Salvador,Nublado,25.3,77,11.7
2024-02-23,Rio Grande,Ensolarado,31.2,68,15.0
2024-02-23,Suape,Nublado,26.4,60,6.6
2024-02-24,Santos,Ensolarado,29.3,65,8.6
2024-02-24,Rio de Janeiro,Nublado,26.9,69,13.1
2024-02-24,Salvador,Nublado,27.0,70,12.0
2024-02-24,Rio Grande,Ensolarado,28.9,70,8.1
2024-02-24,Suape,Nublado,29.5,60,7.6
2024-02-25,Santos,Ensolarado,27.2,74,11.5
2024-02-25,Rio de Janeiro,Nublado,29.7,68,6.6
2024-02-25,Salvador,Ensolarado,22.2,81,7.8
2024-02-25,Rio Grande,Ensolarado,27.9,70,13.4
2024-02-25,Suape,Nublado,26.8,78,12.2
2024-02-26,Santos,Ensolarado,30.6,80,7.1
2024-02-26,Rio de Janeiro,Ensolarado,23.5,82,6.1
2024-02-26,Salvador,Ensolarado,27.5,81,14.5
2024-02-26,Rio Grande,Ensolarado,29.7,63,6.6
2024-02-26,Suape,Ensolarado,29.2,68,13.7
2024-02-27,Santos,Nublado,22.3,65,12.1
2024-02-27,Rio de Janeiro,Ensolarado,25.4,67,9.3
2024-02-27,Salvador,Ensolarado,24.8,80,9.6
2024-02-27,Rio Grande,Ensolarado,22.1,84,13.1
2024-02-27,Suape,Ensolarado,25.9,80,12.4
2024-02-28,Santos,Nublado,27.0,81,11.4
2024-02-28,Rio de Janeiro,Nublado,23.7,84,10.2
2024-02-28,Salvador,Nublado,28.8,67,9.9
2024-02-28,Rio Grande,Nublado,24.6,80,5.1
2024-02-28,Suape,Ensolarado,22.8,84,12.7
2024-02-29,Santos,Nublado,30.0,67,10.8
2024-02-29,Rio de Janeiro,Ensolarado,27.5,74,8.4
2024-02-29,Salvador,Nublado,26.7,78,7.3
2024-02-29,Rio Grande,Nublado,23.5,74,10.5
2024-02-29,Suape,Nublado,22.5,72,14.2
2024-03-01,Santos,Ensolarado,29.1,75,5.8
2024-03-01,Rio de Janeiro,Ensolarado,25.9,61,12.7
2024-03-01,Salvador,Ensolarado,29.7,61,13.7
2024-03-01,Rio Grande,Nublado,27.6,68,8.3
2024-03-01,Suape,Nublado,26.5,66,8.7
2024-03-02,Santos,Nublado,28.9,83,13.0
2024-03-02,Rio de Janeiro,Ensolarado,27.6,62,9.8
2024-03-02,Salvador,Ensolarado,24.1,69,9.4
2024-03-02,Rio Grande,Ensolarado,31.2,70,14.6
2024-03-02,Suape,Nublado,29.1,70,6.6
2024-03-03,Santos,Ensolarado,22.1,60,5.5
2024-03-03,Rio de Janeiro,Ensolarado,30.6,78,6.0
2024-03-03,Salvador,Ensolarado,29.6,77,5.9
2024-03-03,Rio Grande,Nublado,31.6,68,6.3
2024-03-03,Suape,Ensolarado,27.9,84,13.5
2024-03-04,Santos,Ensolarado,27.5,65,6.0
2024-03-04,Rio de Janeiro,Nublado,29.8,77,6.9
2024-03-04,Salvador,Ensolarado,27.5,69,12.4
2024-03-04,Rio Grande,Nublado,24.6,73,10.6
2024-03-04,Suape,Nublado,31.4,75,7.9
2024-03-05,Santos,Nublado,27.7,73,7.9
2024-03-05,Rio de Janeiro,Nublado,26.2,82,12.7
2024-03-05,Salvador,Nublado,22.3,60,5.7
2024-03-05,Rio Grande,Ensolarado,23.5,81,14.7
2024-03-05,Suape,Ensolarado,27.5,68,9.7
2024-03-06,Santos,Nublado,27.1,78,13.2
2024-03-06,Rio de Janeiro,Nublado,25.8,82,12.0
2024-03-06,Salvador,Nublado,24.3,66,13.7
2024-03-06,Rio Grande,Nublado,27.4,75,14.1
2024-03-06,Suape,Nublado,25.2,81,10.1
2024-03-07,Santos,Nublado,29.0,63,14.1
2024-03-07,Rio de Janeiro,Nublado,27.6,77,13.7
2024-03-07,Salvador,Ensolarado,27.2,75,6.4
2024-03-07,Rio Grande,Nublado,24.3,75,13.9
2024-03-07,Suape,Ensolarado,26.6,63,14.8
2024-03-08,Santos,Ensolarado,25.9,76,14.5
2024-03-08,Rio de Janeiro,Nublado,22.7,68,10.2
2024-03-08,Salvador,Nublado,22.8,68,12.9
2024-03-08,Rio Grande,Nublado,31.8,66,5.5
2024-03-08,Suape,Ensolarado,24.9,80,12.8
2024-03-09,Santos,Ensolarado,31.2,64,13.5
2024-03-09,Rio de Janeiro,Ensolarado,23.7,84,11.8
2024-03-09,Salvador,Nublado,23.0,61,6.2
2024-03-09,Rio Grande,Ensolarado,25.6,61,14.1
2024-03-09,Suape,Ensolarado,23.8,81,9.4
2024-03-10,Santos,Nublado,26.3,83,11.8
2024-03-10,Rio de Janeiro,Ensolarado,25.3,73,14.0
2024-03-10,Salvador,Ensolarado,29.0,80,14.9
2024-03-10,Rio Grande,Ensolarado,23.0,81,14.9
2024-03-10,Suape,Nublado,24.4,77,11.6
2024-03-11,Santos,Nublado,31.4,80,6.8
2024-03-11,Rio de Janeiro,Ensolarado,24.6,69,13.9
2024-03-11,Salvador,Ensolarado,24.7,62,9.0
2024-03-11,Rio Grande,Nublado,27.5,66,9.7
2024-03-11,Suape,Nublado,23.9,83,6.1
2024-03-12,Santos,Nublado,26.0,65,7.6
2024-03-12,Rio de Janeiro,Nublado,24.8,77,7.9
2024-03-12,Salvador,Nublado,25.9,68,8.7
2024-03-12,Rio Grande,Nublado,25.6,61,12.8
2024-03-12,Suape,Nublado,27.2,60,8.7
2024-03-13,Santos,Nublado,23.7,84,7.7
2024-03-13,Rio de Janeiro,Ensolarado,28.2,69,10.2
2024-03-13,Salvador,Nublado,26.1,81,10.5
2024-03-13,Rio Grande,Nublado,23.0,84,11.7
2024-03-13,Suape,Nublado,28.3,72,13.1
2024-03-14,Santos,Ensolarado,24.8,84,7.3
2024-03-14,Rio de Janeiro,Ensolarado,23.7,76,14.0
2024-03-14,Salvador,Ensolarado,29.1,82,14.6
2024-03-14,Rio Grande,Nublado,24.4,73,6.4
2024-03-14,Suape,Ensolarado,31.3,64,12.6
2024-03-15,Santos,Nublado,31.7,84,8.5
2024-03-15,Rio de Janeiro,Ensolarado,28.3,78,11.8
2024-03-15,Salvador,Ensolarado,24.5,66,9.3
2024-03-15,Rio Grande,Nublado,31.2,60,14.7
2024-03-15,Suape,Ensolarado,23.9,78,7.1
2024-03-16,Santos,Ensolarado,30.9,61,14.5
2024-03-16,Rio de Janeiro,Nublado,26.2,62,7.2
2024-03-16,Salvador,Ensolarado,25.0,71,14.2
2024-03-16,Rio Grande,Ensolarado,22.5,68,8.9
2024-03-16,Suape,Nublado,23.1,67,7.1
2024-03-17,Santos,Nublado,25.5,76,13.0
2024-03-17,Rio de Janeiro,Ensolarado,23.1,68,9.3
2024-03-17,Salvador,Nublado,22.4,66,12.5
2024-03-17,Rio Grande,Nublado,28.6,78,15.0
2024-03-17,Suape,Nublado,30.3,80,14.2
2024-03-18,Santos,Ensolarado,25.7,71,9.2
2024-03-18,Rio de Janeiro,Ensolarado,24.8,77,9.0
2024-03-18,Salvador,Nublado,25.6,81,13.9
2024-03-18,Rio Grande,Ensolarado,27.1,74,10.1
2024-03-18,Suape,Nublado,31.8,80,5.8
2024-03-19,Santos,Nublado,22.6,83,7.4
2024-03-19,Rio de Janeiro,Ensolarado,29.6,63,12.2
2024-03-19,Salvador,Nublado,24.0,73,6.0
2024-03-19,Rio Grande,Ensolarado,26.1,81,9.6
2024-03-19,Suape,Ensolarado,30.0,78,14.8
2024-03-20,Santos,Ensolarado,29.6,70,7.0
2024-03-20,Rio de Janeiro,Ensolarado,28.1,82,6.5
2024-03-20,Salvador,Ensolarado,25.7,80,10.5
2024-03-20,Rio Grande,Nublado,27.3,70,13.8
2024-03-20,Suape,Ensolarado,31.0,78,5.0
2024-03-21,Santos,Ensolarado,32.0,84,9.8
2024-03-21,Rio de Janeiro,Ensolarado,28.6,65,5.8
2024-03-21,Salvador,Nublado,30.3,83,12.7
2024-03-21,Rio Grande,Ensolarado,28.7,80,11.7
2024-03-21,Suape,Nublado,25.3,84,6.1
2024-03-22,Santos,Ensolarado,29.8,74,13.6
2024-03-22,Rio de Janeiro,Nublado,23.1,66,9.4
2024-03-22,Salvador,Ensolarado,28.3,65,7.8
2024-03-22,Rio Grande,Ensolarado,26.6,69,9.5
2024-03-22,Suape,Nublado,24.6,71,12.0
2024-03-23,Santos,Ensolarado,24.8,61,8.9
2024-03-23,Rio de Janeiro,Nublado,23.8,71,12.5
2024-03-23,Salvador,Nublado,22.9,78,14.6
2024-03-23,Rio Grande,Nublado,23.2,80,10.7
2024-03-23,Suape,Nublado,31.9,69,13.3
2024-03-24,Santos,Ensolarado,27.1,68,9.6
2024-03-24,Rio de Janeiro,Nublado,22.9,84,6.0
2024-03-24,Salvador,Nublado,24.2,84,12.3
2024-03-24,Rio Grande,Nublado,26.6,83,11.8
2024-03-24,Suape,Nublado,27.3,61,12.1
2024-03-25,Santos,Ensolarado,23.0,78,5.0
2024-03-25,Rio de Janeiro,Nublado,28.6,70,12.7
2024-03-25,Salvador,Ensolarado,22.1,60,7.8
2024-03-25,Rio Grande,Ensolarado,24.2,81,5.7
2024-03-25,Suape,Nublado,27.7,70,5.2
2024-03-26,Santos,Nublado,27.0,75,5.7
2024-03-26,Rio de Janeiro,Nublado,31.0,77,12.8
2024-03-26,Salvador,Ensolarado,24.1,70,7.0
2024-03-26,Rio Grande,Ensolarado,30.4,78,14.8
2024-03-26,Suape,Ensolarado,30.0,60,6.1
2024-03-27,Santos,Nublado,28.3,80,5.5
2024-03-27,Rio de Janeiro,Nublado,23.7,65,10.6
2024-03-27,Salvador,Ensolarado,25.3,61,7.7
2024-03-27,Rio Grande,Nublado,22.1,72,8.7
2024-03-27,Suape,Ensolarado,27.4,82,7.7
2024-03-28,Santos,Nublado,28.7,76,8.6
2024-03-28,Rio de Janeiro,Nublado,30.1,83,5.3
2024-03-28,Salvador,Ensolarado,29.3,84,7.0
2024-03-28,Rio Grande,Nublado,22.9,60,14.8
2024-03-28,Suape,Ensolarado,31.2,66,7.6
2024-03-29,Santos,Nublado,31.3,74,14.6
2024-03-29,Rio de Janeiro,Nublado,28.6,65,10.1
2024-03-29,Salvador,Nublado,26.2,62,13.9
2024-03-29,Rio Grande,Ensolarado,27.7,67,8.8
2024-03-29,Suape,Nublado,28.3,65,13.0
2024-03-30,Santos,Ensolarado,22.1,78,7.5
2024-03-30,Rio de Janeiro,Nublado,27.1,80,15.0
2024-03-30,Salvador,Nublado,27.4,81,14.5
2024-03-30,Rio Grande,Ensolarado,25.3,82,14.9
2024-03-30,Suape,Ensolarado,24.7,62,11.3
2024-03-31,Santos,Ensolarado,23.9,63,14.0
2024-03-31,Rio de Janeiro,Nublado,22.2,82,5.1
2024-03-31,Salvador,Nublado,23.5,74,9.7
2024-03-31,Rio Grande,Nublado,25.2,64,10.6
2024-03-31,Suape,Ensolarado,25.9,62,8.3
2024-04-01,Santos,Ensolarado,25.7,72,13.8
2024-04-01,Rio de Janeiro,Nublado,31.2,61,9.4
2024-04-01,Salvador,Nublado,22.6,73,9.9
2024-04-01,Rio Grande,Ensolarado,30.8,67,5.3
2024-04-01,Suape,Nublado,27.9,83,5.4
2024-04-02,Santos,Nublado,28.2,77,13.4
2024-04-02,Rio de Janeiro,Ensolarado,24.1,66,7.8
2024-04-02,Salvador,Nublado,26.8,60,14.9
2024-04-02,Rio Grande,Nublado,30.7,76,6.8
2024-04-02,Suape,Ensolarado,26.3,71,7.1
2024-04-03,Santos,Nublado,23.2,75,10.6
2024-04-03,Rio de Janeiro,Nublado,30.3,64,8.7
2024-04-03,Salvador,Ensolarado,24.5,80,5.8
2024-04-03,Rio Grande,Nublado,29.3,60,12.2
2024-04-03,Suape,Ensolarado,23.0,62,7.4
2024-04-04,Santos,Ensolarado,26.7,61,14.5
2024-04-04,Rio de Janeiro,Ensolarado,22.3,79,8.7
2024-04-04,Salvador,Nublado,25.9,83,6.4
2024-04-04,Rio Grande,Ensolarado,23.3,83,14.2
2024-04-04,Suape,Ensolarado,29.5,62,7.2
2024-04-05,Santos,Nublado,28.7,61,10.8
2024-04-05,Rio de Janeiro,Ensolarado,30.4,78,9.2
2024-04-05,Salvador,Ensolarado,27.8,75,14.2
2024-04-05,Rio Grande,Nublado,23.6,83,8.4
2024-04-05,Suape,Nublado,31.2,69,7.4
2024-04-06,Santos,Ensolarado,23.7,63,7.2
2024-04-06,Rio de Janeiro,Ensolarado,28.5,64,14.2
2024-04-06,Salvador,Ensolarado,27.0,76,13.7
2024-04-06,Rio Grande,Ensolarado,31.6,82,8.7
2024-04-06,Suape,Ensolarado,27.4,82,13.5
2024-04-07,Santos,Nublado,30.0,75,12.9
2024-04-07,Rio de Janeiro,Ensolarado,30.6,70,5.9
2024-04-07,Salvador,Nublado,24.3,63,6.3
2024-04-07,Rio Grande,Ensolarado,27.7,72,12.7
2024-04-07,Suape,Ensolarado,30.8,60,11.8
2024-04-08,Santos,Ensolarado,30.8,75,8.1
2024-04-08,Rio de Janeiro,Ensolarado,31.6,78,13.1
2024-04-08,Salvador,Nublado,27.0,77,8.7
2024-04-08,Rio Grande,Ensolarado,29.7,84,7.3
2024-04-08,Suape,Ensolarado,26.5,76,9.1
2024-04-09,Santos,Ensolarado,22.1,70,5.3
2024-04-09,Rio de Janeiro,Nublado,28.7,62,5.9
2024-04-09,Salvador,Ensolarado,25.2,75,6.7
2024-04-09,Rio Grande,Ensolarado,27.4,70,12.2
2024-04-09,Suape,Nublado,30.6,84,12.4
2024-04-10,Santos,Ensolarado,27.0,71,7.8
2024-04-10,Rio de Janeiro,Nublado,24.5,69,8.9
2024-04-10,Salvador,Ensolarado,31.2,64,12.4
2024-04-10,Rio Grande,Ensolarado,28.8,69,6.9
2024-04-10,Suape,Ensolarado,30.4,76,12.3
2024-04-11,Santos,Ensolarado,26.6,60,8.8
2024-04-11,Rio de Janeiro,Nublado,25.7,70,7.0
2024-04-11,Salvador,Ensolarado,23.9,77,11.3
2024-04-11,Rio Grande,Ensolarado,23.3,60,12.5
2024-04-11,Suape,Ensolarado,27.9,73,6.4
2024-04-12,Santos,Ensolarado,23.0,71,6.1
2024-04-12,Rio de Janeiro,Nublado,27.4,60,10.2
2024-04-12,Salvador,Nublado,23.7,77,8.1
2024-04-12,Rio Grande,Ensolarado,24.6,77,13.2
2024-04-12,Suape,Nublado,25.0,75,11.5
2024-04-13,Santos,Ensolarado,23.8,81,5.1
2024-04-13,Rio de Janeiro,Ensolarado,26.9,74,10.0
2024-04-13,Salvador,Nublado,22.9,65,7.5
2024-04-13,Rio Grande,Nublado,31.6,84,12.9
2024-04-13,Suape,Nublado,29.0,78,12.9
2024-04-14,Santos,Nublado,23.3,63,10.5
2024-04-14,Rio de Janeiro,Nublado,26.7,69,11.2
2024-04-14,Salvador,Ensolarado,25.6,62,10.3
2024-04-14,Rio Grande,Ensolarado,31.1,73,14.8
2024-04-14,Suape,Nublado,24.6,73,11.0
2024-04-15,Santos,Nublado,31.2,84,7.4
2024-04-15,Rio de Janeiro,Ensolarado,23.9,66,12.8
2024-04-15,Salvador,Nublado,29.7,65,11.9
2024-04-15,Rio Grande,Nublado,31.1,82,6.2
2024-04-15,Suape,Ensolarado,30.4,74,10.5
2024-04-16,Santos,Ensolarado,23.7,72,7.2
2024-04-16,Rio de Janeiro,Nublado,23.6,61,5.5
2024-04-16,Salvador,Nublado,22.2,73,13.8
2024-04-16,Rio Grande,Ensolarado,23.7,63,14.7
2024-04-16,Suape,Nublado,29.1,84,7.8
2024-04-17,Santos,Nublado,23.2,71,7.5
2024-04-17,Rio de Janeiro,Ensolarado,27.1,82,9.4
2024-04-17,Salvador,Ensolarado,23.6,62,12.8
2024-04-17,Rio Grande,Nublado,25.6,82,5.1
2024-04-17,Suape,Nublado,27.2,84,7.9
2024-04-18,Santos,Ensolarado,29.7,75,7.6
2024-04-18,Rio de Janeiro,Nublado,22.0,73,5.7
2024-04-18,Salvador,Ensolarado,29.7,70,6.8
2024-04-18,Rio Grande,Nublado,31.8,70,11.5
2024-04-18,Suape,Ensolarado,23.2,67,10.9
2024-04-19,Santos,Ensolarado,24.4,80,5.9
2024-04-19,Rio de Janeiro,Nublado,22.8,71,14.4
2024-04-19,Salvador,Ensolarado,28.2,84,14.4
2024-04-19,Rio Grande,Nublado,31.9,80,11.9
2024-04-19,Suape,Ensolarado,27.1,65,5.1
2024-04-20,Santos,Ensolarado,23.5,83,14.4
2024-04-20,Rio de Janeiro,Nublado,25.2,68,13.4
2024-04-20,Salvador,Ensolarado,29.7,69,9.0
2024-04-20,Rio Grande,Nublado,29.0,77,9.3
2024-04-20,Suape,Nublado,28.1,63,8.1
2024-04-21,Santos,Nublado,23.9,80,7.7
2024-04-21,Rio de Janeiro,Nublado,23.6,82,13.4
2024-04-21,Salvador,Nublado,27.5,65,12.6
2024-04-21,Rio Grande,Nublado,25.4,82,7.2
2024-04-21,Suape,Nublado,23.7,71,11.4
2024-04-22,Santos,Ensolarado,25.3,70,9.3
2024-04-22,Rio de Janeiro,Nublado,30.0,74,5.5
2024-04-22,Salvador,Nublado,26.4,60,8.2
2024-04-22,Rio Grande,Nublado,28.9,69,7.9
2024-04-22,Suape,Ensolarado,30.1,82,13.9
2024-04-23,Santos,Ensolarado,31.5,74,14.5
2024-04-23,Rio de Janeiro,Nublado,31.7,71,9.3
2024-04-23,Salvador,Nublado,30.9,62,6.2
2024-04-23,Rio Grande,Nublado,29.2,80,11.7
2024-04-23,Suape,Ensolarado,27.8,60,8.2
2024-04-24,Santos,Ensolarado,25.8,67,13.0
2024-04-24,Rio de Janeiro,Ensolarado,24.2,77,12.0
2024-04-24,Salvador,Ensolarado,27.3,70,10.3
2024-04-24,Rio Grande,Ensolarado,26.8,76,11.9
2024-04-24,Suape,Nublado,26.7,82,7.7
2024-04-25,Santos,Ensolarado,24.7,65,8.8
2024-04-25,Rio de Janeiro,Nublado,30.4,84,8.1
2024-04-25,Salvador,Ensolarado,22.4,82,7.1
2024-04-25,Rio Grande,Ensolarado,30.4,81,11.2
2024-04-25,Suape,Nublado,30.7,65,5.9
2024-04-26,Santos,Nublado,26.1,75,10.9
2024-04-26,Rio de Janeiro,Ensolarado,23.6,74,7.9
2024-04-26,Salvador,Nublado,27.2,73,10.6
2024-04-26,Rio Grande,Nublado,27.6,65,10.9
2024-04-26,Suape,Nublado,28.6,67,7.6
2024-04-27,Santos,Ensolarado,29.0,76,6.8
2024-04-27,Rio de Janeiro,Ensolarado,24.9,62,11.4
2024-04-27,Salvador,Ensolarado,22.9,73,12.3
2024-04-27,Rio Grande,Ensolarado,22.1,60,11.6
2024-04-27,Suape,Nublado,29.4,71,8.6
2024-04-28,Santos,Nublado,26.0,65,6.3
2024-04-28,Rio de Janeiro,Ensolarado,29.0,65,9.9
2024-04-28,Salvador,Ensolarado,30.5,83,12.1
2024-04-28,Rio Grande,Ensolarado,31.5,60,12.0
2024-04-28,Suape,Nublado,28.7,82,10.2
2024-04-29,Santos,Tempestade,20.2,87,16.6
2024-04-29,Rio de Janeiro,Nublado,29.0,70,14.3
2024-04-29,Salvador,Chuvoso,24.1,95,19.9
2024-04-29,Rio Grande,Chuvoso,20.7,92,35.1
2024-04-29,Suape,Tempestade,22.2,89,20.7
2024-04-30,Santos,Tempestade,20.3,87,38.8
2024-04-30,Rio de Janeiro,Chuvoso,19.2,88,22.6
2024-04-30,Salvador,Tempestade,24.3,87,38.8
2024-04-30,Rio Grande,Ensolarado,27.9,72,5.5
2024-04-30,Suape,Chuvoso,21.3,87,17.5
2024-05-01,Santos,Tempestade,20.8,95,39.4
2024-05-01,Rio de Janeiro,Chuvoso,19.7,91,37.4
2024-05-01,Salvador,Chuvoso,23.3,86,25.2
2024-05-01,Rio Grande,Chuvoso,23.3,87,33.4
2024-05-01,Suape,Tempestade,24.6,86,17.4
2024-05-02,Santos,Chuvoso,22.8,94,19.4
2024-05-02,Rio de Janeiro,Tempestade,20.0,86,20.6
2024-05-02,Salvador,Tempestade,20.8,95,19.5
2024-05-02,Rio Grande,Tempestade,18.9,97,31.1
2024-05-02,Suape,Tempestade,19.1,96,35.1
2024-05-03,Santos,Nublado,25.2,78,11.0
2024-05-03,Rio de Janeiro,Chuvoso,18.4,89,29.1
2024-05-03,Salvador,Chuvoso,20.6,90,36.5
2024-05-03,Rio Grande,Tempestade,24.5,92,19.9
2024-05-03,Suape,Nublado,22.9,62,8.5
2024-05-04,Santos,Chuvoso,24.6,95,23.8
2024-05-04,Rio de Janeiro,Ensolarado,24.5,80,12.1
2024-05-04,Salvador,Tempestade,19.9,89,15.5
2024-05-04,Rio Grande,Ensolarado,23.3,66,11.0
2024-05-04,Suape,Ensolarado,26.7,74,8.9
2024-05-05,Santos,Ensolarado,30.1,61,5.5
2024-05-05,Rio de Janeiro,Chuvoso,23.6,91,24.9
2024-05-05,Salvador,Nublado,23.8,71,10.5
2024-05-05,Rio Grande,Tempestade,21.1,88,30.0
2024-05-05,Suape,Chuvoso,18.6,90,27.4
2024-05-06,Santos,Ensolarado,25.7,72,10.8
2024-05-06,Rio de Janeiro,Tempestade,20.7,86,32.4
2024-05-06,Salvador,Chuvoso,21.8,97,25.9
2024-05-06,Rio Grande,Tempestade,19.8,95,26.5
2024-05-06,Suape,Tempestade,19.3,90,34.8
2024-05-07,Santos,Tempestade,20.9,92,23.0
2024-05-07,Rio de Janeiro,Chuvoso,24.5,95,19.2
2024-05-07,Salvador,Tempestade,20.2,97,31.6
2024-05-07,Rio Grande,Chuvoso,19.1,85,33.4
2024-05-07,Suape,Nublado,24.7,67,6.7
2024-05-08,Santos,Nublado,25.6,67,12.9
2024-05-08,Rio de Janeiro,Tempestade,23.3,90,21.2
2024-05-08,Salvador,Tempestade,18.5,85,26.9
2024-05-08,Rio Grande,Chuvoso,21.2,90,38.0
2024-05-08,Suape,Tempestade,19.5,93,33.6
2024-05-09,Santos,Chuvoso,19.4,90,24.4
2024-05-09,Rio de Janeiro,Chuvoso,23.1,91,19.4
2024-05-09,Salvador,Tempestade,24.8,98,28.4
2024-05-09,Rio Grande,Chuvoso,23.8,87,19.8
2024-05-09,Suape,Tempestade,19.4,98,36.8
2024-05-10,Santos,Chuvoso,20.5,95,25.3
2024-05-10,Rio de Janeiro,Chuvoso,20.5,93,19.5
2024-05-10,Salvador,Chuvoso,22.2,89,37.5
2024-05-10,Rio Grande,Tempestade,22.2,85,27.1
2024-05-10,Suape,Chuvoso,23.4,87,21.2
2024-05-11,Santos,Chuvoso,18.4,87,18.8
2024-05-11,Rio de Janeiro,Nublado,29.8,80,13.5
2024-05-11,Salvador,Chuvoso,22.0,94,22.8
2024-05-11,Rio Grande,Chuvoso,20.2,98,15.0
2024-05-11,Suape,Chuvoso,21.3,97,25.6
2024-05-12,Santos,Chuvoso,18.7,96,31.2
2024-05-12,Rio de Janeiro,Chuvoso,22.9,94,33.9
2024-05-12,Salvador,Tempestade,24.0,88,18.0
2024-05-12,Rio Grande,Chuvoso,24.0,87,19.8
2024-05-12,Suape,Chuvoso,24.6,89,34.9
2024-05-13,Santos,Nublado,31.7,71,14.6
2024-05-13,Rio de Janeiro,Ensolarado,22.6,64,7.4
2024-05-13,Salvador,Nublado,28.0,81,14.3
2024-05-13,Rio Grande,Nublado,28.5,73,8.4
2024-05-13,Suape,Nublado,31.5,72,10.0
2024-05-14,Santos,Nublado,27.6,84,7.5
2024-05-14,Rio de Janeiro,Nublado,23.1,83,14.6
2024-05-14,Salvador,Ensolarado,25.2,72,12.2
2024-05-14,Rio Grande,Nublado,26.9,70,13.2
2024-05-14,Suape,Nublado,26.0,67,10.2
2024-05-15,Santos,Nublado,25.1,70,12.2
2024-05-15,Rio de Janeiro,Nublado,25.5,78,10.2
2024-05-15,Salvador,Ensolarado,25.3,61,14.5
2024-05-15,Rio Grande,Ensolarado,23.9,80,14.3
2024-05-15,Suape,Ensolarado,25.4,61,14.1
2024-05-16,Santos,Ensolarado,27.1,67,6.8
2024-05-16,Rio de Janeiro,Nublado,26.0,82,6.0
2024-05-16,Salvador,Ensolarado,23.2,75,8.7
2024-05-16,Rio Grande,Ensolarado,23.0,71,11.7
2024-05-16,Suape,Nublado,23.9,71,11.1
2024-05-17,Santos,Nublado,29.5,74,7.0
2024-05-17,Rio de Janeiro,Ensolarado,30.6,80,15.0
2024-05-17,Salvador,Nublado,25.1,76,8.8
2024-05-17,Rio Grande,Ensolarado,29.0,64,10.7
2024-05-17,Suape,Nublado,25.6,82,12.4
2024-05-18,Santos,Nublado,25.3,61,9.7
2024-05-18,Rio de Janeiro,Nublado,31.1,66,5.2
2024-05-18,Salvador,Ensolarado,31.8,68,5.3
2024-05-18,Rio Grande,Nublado,25.8,71,10.6
2024-05-18,Suape,Nublado,31.1,68,6.4
2024-05-19,Santos,Ensolarado,27.7,65,13.3
2024-05-19,Rio de Janeiro,Ensolarado,22.0,61,12.4
2024-05-19,Salvador,Nublado,22.3,62,11.5
2024-05-19,Rio Grande,Nublado,29.2,80,5.3
2024-05-19,Suape,Ensolarado,23.9,72,11.2
2024-05-20,Santos,Ensolarado,22.6,65,7.8
2024-05-20,Rio de Janeiro,Ensolarado,24.6,75,12.1
2024-05-20,Salvador,Ensolarado,25.1,62,9.7
2024-05-20,Rio Grande,Ensolarado,27.8,70,5.7
2024-05-20,Suape,Nublado,30.2,71,10.6
2024-05-21,Santos,Nublado,28.3,84,9.3
2024-05-21,Rio de Janeiro,Nublado,25.3,62,7.2
2024-05-21,Salvador,Nublado,30.7,82,13.2
2024-05-21,Rio Grande,Nublado,29.8,77,8.3
2024-05-21,Suape,Nublado,31.5,81,13.7
2024-05-22,Santos,Ensolarado,27.8,77,14.3
2024-05-22,Rio de Janeiro,Nublado,31.7,70,10.1
2024-05-22,Salvador,Nublado,26.1,81,9.9
2024-05-22,Rio Grande,Ensolarado,31.6,73,6.4
2024-05-22,Suape,Ensolarado,23.6,71,10.6
2024-05-23,Santos,Nublado,30.4,73,8.3
2024-05-23,Rio de Janeiro,Nublado,31.6,62,12.5
2024-05-23,Salvador,Ensolarado,23.3,79,15.0
2024-05-23,Rio Grande,Ensolarado,22.9,83,5.5
2024-05-23,Suape,Ensolarado,22.1,82,9.5
2024-05-24,Santos,Ensolarado,23.2,80,14.3
2024-05-24,Rio de Janeiro,Nublado,29.4,74,13.4
2024-05-24,Salvador,Ensolarado,29.5,73,8.9
2024-05-24,Rio Grande,Nublado,24.3,75,7.3
2024-05-24,Suape,Nublado,25.4,81,14.3
2024-05-25,Santos,Nublado,31.4,74,13.0
2024-05-25,Rio de Janeiro,Ensolarado,24.2,61,12.7
2024-05-25,Salvador,Ensolarado,30.3,71,14.5
2024-05-25,Rio Grande,Ensolarado,29.0,71,7.9
2024-05-25,Suape,Nublado,28.0,78,7.4
2024-05-26,Santos,Ensolarado,23.6,69,13.1
2024-05-26,Rio de Janeiro,Nublado,24.7,83,11.8
2024-05-26,Salvador,Ensolarado,27.4,82,9.2
2024-05-26,Rio Grande,Nublado,24.4,73,12.4
2024-05-26,Suape,Ensolarado,26.5,77,11.2
2024-05-27,Santos,Nublado,27.3,75,6.9
2024-05-27,Rio de Janeiro,Nublado,25.6,70,14.2
2024-05-27,Salvador,Ensolarado,25.6,72,9.8
2024-05-27,Rio Grande,Ensolarado,31.2,80,6.3
2024-05-27,Suape,Ensolarado,31.4,73,14.4
2024-05-28,Santos,Nublado,26.1,63,14.7
2024-05-28,Rio de Janeiro,Ensolarado,31.0,64,9.3
2024-05-28,Salvador,Nublado,25.7,84,14.9
2024-05-28,Rio Grande,Nublado,26.2,70,5.9
2024-05-28,Suape,Ensolarado,29.7,66,13.2
2024-05-29,Santos,Ensolarado,25.8,61,6.9
2024-05-29,Rio de Janeiro,Nublado,30.3,67,7.7
2024-05-29,Salvador,Ensolarado,24.7,67,9.8
2024-05-29,Rio Grande,Ensolarado,26.4,80,7.4
2024-05-29,Suape,Nublado,25.7,69,5.2
2024-05-30,Santos,Ensolarado,23.3,68,8.2
2024-05-30,Rio de Janeiro,Ensolarado,29.6,68,7.5
2024-05-30,Salvador,Ensolarado,22.7,81,12.7
2024-05-30,Rio Grande,Ensolarado,26.7,82,14.3
2024-05-30,Suape,Nublado,24.3,71,9.9
2024-05-31,Santos,Nublado,30.4,64,10.8
2024-05-31,Rio de Janeiro,Nublado,28.6,82,9.8
2024-05-31,Salvador,Nublado,25.0,67,13.3
2024-05-31,Rio Grande,Nublado,28.3,83,14.7
2024-05-31,Suape,Nublado,25.3,73,5.9
2024-06-01,Santos,Ensolarado,26.2,70,14.2
2024-06-01,Rio de Janeiro,Ensolarado,28.4,60,10.4
2024-06-01,Salvador,Nublado,22.5,63,7.1
2024-06-01,Rio Grande,Ensolarado,26.9,61,9.1
2024-06-01,Suape,Ensolarado,24.1,75,14.3
2024-06-02,Santos,Ensolarado,28.5,66,12.0
2024-06-02,Rio de Janeiro,Nublado,28.0,84,6.0
2024-06-02,Salvador,Nublado,24.8,62,12.3
2024-06-02,Rio Grande,Nublado,26.4,67,9.9
2024-06-02,Suape,Nublado,29.8,77,8.1
2024-06-03,Santos,Nublado,27.1,63,11.6
2024-06-03,Rio de Janeiro,Nublado,30.4,68,13.9
2024-06-03,Salvador,Nublado,24.7,60,9.5
2024-06-03,Rio Grande,Nublado,26.8,79,13.8
2024-06-03,Suape,Nublado,29.9,70,14.6
2024-06-04,Santos,Ensolarado,29.1,66,7.8
2024-06-04,Rio de Janeiro,Ensolarado,30.3,82,11.9
2024-06-04,Salvador,Nublado,27.5,80,5.2
2024-06-04,Rio Grande,Ensolarado,27.5,73,11.4
2024-06-04,Suape,Ensolarado,26.9,80,11.9
2024-06-05,Santos,Ensolarado,25.6,83,6.9
2024-06-05,Rio de Janeiro,Nublado,29.5,61,9.1
2024-06-05,Salvador,Ensolarado,24.7,81,11.3
2024-06-05,Rio Grande,Nublado,25.7,63,7.5
2024-06-05,Suape,Nublado,28.8,74,9.2
2024-06-06,Santos,Ensolarado,22.4,63,12.6
2024-06-06,Rio de Janeiro,Ensolarado,29.3,65,6.7
2024-06-06,Salvador,Ensolarado,28.7,60,9.6
2024-06-06,Rio Grande,Ensolarado,23.2,74,7.1
2024-06-06,Suape,Ensolarado,30.1,82,9.3
2024-06-07,Santos,Ensolarado,22.9,82,8.2
2024-06-07,Rio de Janeiro,Ensolarado,30.6,81,5.6
2024-06-07,Salvador,Ensolarado,28.3,76,12.7
2024-06-07,Rio Grande,Ensolarado,26.7,84,14.9
2024-06-07,Suape,Ensolarado,27.7,65,13.2
2024-06-08,Santos,Nublado,25.9,61,9.7
2024-06-08,Rio de Janeiro,Ensolarado,26.2,66,8.7
2024-06-08,Salvador,Ensolarado,30.7,77,6.9
2024-06-08,Rio Grande,Ensolarado,30.7,82,13.3
2024-06-08,Suape,Ensolarado,31.0,77,13.9
2024-06-09,Santos,Nublado,26.0,74,9.0
2024-06-09,Rio de Janeiro,Nublado,30.0,75,11.6
2024-06-09,Salvador,Nublado,27.8,78,6.2
2024-06-09,Rio Grande,Nublado,30.1,78,6.5
2024-06-09,Suape,Ensolarado,30.1,61,8.9
2024-06-10,Santos,Nublado,30.3,79,12.9
2024-06-10,Rio de Janeiro,Nublado,23.6,84,7.0
2024-06-10,Salvador,Ensolarado,27.4,83,11.4
2024-06-10,Rio Grande,Ensolarado,30.3,78,5.3
2024-06-10,Suape,Nublado,30.3,80,8.0
2024-06-11,Santos,Ensolarado,25.8,76,9.1
2024-06-11,Rio de Janeiro,Nublado,28.3,61,10.4
2024-06-11,Salvador,Ensolarado,29.5,76,6.0
2024-06-11,Rio Grande,Ensolarado,30.8,74,6.6
2024-06-11,Suape,Ensolarado,27.0,78,5.7
2024-06-12,Santos,Ensolarado,30.8,64,10.9
2024-06-12,Rio de Janeiro,Ensolarado,22.6,70,12.1
2024-06-12,Salvador,Ensolarado,24.1,65,13.8
2024-06-12,Rio Grande,Nublado,23.6,73,7.5
2024-06-12,Suape,Ensolarado,28.6,71,7.4
2024-06-13,Santos,Ensolarado,23.5,74,13.1
2024-06-13,Rio de Janeiro,Nublado,31.6,80,6.0
2024-06-13,Salvador,Ensolarado,28.9,76,8.3
2024-06-13,Rio Grande,Ensolarado,25.6,81,7.6
2024-06-13,Suape,Ensolarado,27.6,80,9.1
2024-06-14,Santos,Nublado,23.0,74,12.7
2024-06-14,Rio de Janeiro,Ensolarado,30.3,79,5.6
2024-06-14,Salvador,Nublado,23.2,73,8.0
2024-06-14,Rio Grande,Nublado,23.8,81,5.9
2024-06-14,Suape,Nublado,23.6,67,5.5
2024-06-15,Santos,Nublado,28.4,84,12.2
2024-06-15,Rio de Janeiro,Nublado,31.6,75,13.2
2024-06-15,Salvador,Ensolarado,30.3,74,6.2
2024-06-15,Rio Grande,Ensolarado,27.1,61,14.9
2024-06-15,Suape,Ensolarado,29.2,79,14.0
2024-06-16,Santos,Nublado,31.3,65,10.9
2024-06-16,Rio de Janeiro,Ensolarado,25.5,80,14.9
2024-06-16,Salvador,Nublado,23.6,73,7.1
2024-06-16,Rio Grande,Nublado,30.4,79,13.1
2024-06-16,Suape,Ensolarado,28.2,67,13.7
2024-06-17,Santos,Ensolarado,29.4,79,12.1
2024-06-17,Rio de Janeiro,Nublado,27.3,65,9.2
2024-06-17,Salvador,Ensolarado,22.9,76,6.2
2024-06-17,Rio Grande,Nublado,31.7,71,8.2
2024-06-17,Suape,Nublado,25.6,66,10.8
2024-06-18,Santos,Nublado,23.2,64,7.6
2024-06-18,Rio de Janeiro,Nublado,29.1,84,11.2
2024-06-18,Salvador,Nublado,28.5,62,9.4
2024-06-18,Rio Grande,Nublado,23.6,64,12.4
2024-06-18,Suape,Ensolarado,22.0,81,10.2
2024-06-19,Santos,Ensolarado,31.7,69,13.4
2024-06-19,Rio de Janeiro,Ensolarado,23.5,80,8.0
2024-06-19,Salvador,Ensolarado,26.2,72,12.0
2024-06-19,Rio Grande,Nublado,23.6,62,6.3
2024-06-19,Suape,Ensolarado,27.5,60,12.4
2024-06-20,Santos,Ensolarado,25.2,61,7.1
2024-06-20,Rio de Janeiro,Ensolarado,25.1,63,13.0
2024-06-20,Salvador,Nublado,25.0,68,13.3
2024-06-20,Rio Grande,Nublado,22.3,62,7.8
2024-06-20,Suape,Ensolarado,22.2,81,7.9
2024-06-21,Santos,Nublado,25.4,81,14.8
2024-06-21,Rio de Janeiro,Nublado,29.8,79,8.3
2024-06-21,Salvador,Ensolarado,23.2,83,6.8
2024-06-21,Rio Grande,Ensolarado,26.3,78,10.3
2024-06-21,Suape,Ensolarado,29.5,79,12.4
2024-06-22,Santos,Nublado,23.5,72,8.8
2024-06-22,Rio de Janeiro,Nublado,26.9,74,10.3
2024-06-22,Salvador,Ensolarado,24.3,72,6.1
2024-06-22,Rio Grande,Nublado,26.2,80,12.4
2024-06-22,Suape,Ensolarado,22.3,84,5.9
2024-06-23,Santos,Ensolarado,31.8,75,14.3
2024-06-23,Rio de Janeiro,Ensolarado,29.2,84,12.3
2024-06-23,Salvador,Nublado,22.3,62,11.9
2024-06-23,Rio Grande,Ensolarado,24.4,61,6.6
2024-06-23,Suape,Ensolarado,25.2,75,11.2
2024-06-24,Santos,Ensolarado,23.9,72,14.6
2024-06-24,Rio de Janeiro,Nublado,22.7,65,6.0
2024-06-24,Salvador,Nublado,28.6,73,13.2
2024-06-24,Rio Grande,Nublado,22.3,78,9.1
2024-06-24,Suape,Ensolarado,28.4,82,5.2
2024-06-25,Santos,Ensolarado,25.9,79,11.6
2024-06-25,Rio de Janeiro,Ensolarado,25.5,63,6.7
2024-06-25,Salvador,Nublado,26.5,61,6.3
2024-06-25,Rio Grande,Ensolarado,24.6,77,11.2
2024-06-25,Suape,Nublado,28.2,84,7.6
2024-06-26,Santos,Ensolarado,23.9,78,9.0
2024-06-26,Rio de Janeiro,Nublado,31.2,63,11.5
2024-06-26,Salvador,Nublado,25.8,70,14.6
2024-06-26,Rio Grande,Nublado,29.8,76,8.3
2024-06-26,Suape,Ensolarado,31.1,73,6.2
2024-06-27,Santos,Nublado,28.2,68,13.1
2024-06-27,Rio de Janeiro,Ensolarado,31.2,79,14.8
2024-06-27,Salvador,Nublado,25.6,72,13.4
2024-06-27,Rio Grande,Nublado,24.1,78,7.4
2024-06-27,Suape,Nublado,24.1,84,10.3
2024-06-28,Santos,Ensolarado,24.2,76,11.0
2024-06-28,Rio de Janeiro,Ensolarado,31.2,67,8.6
2024-06-28,Salvador,Ensolarado,28.4,81,10.0
2024-06-28,Rio Grande,Nublado,29.2,72,11.6
2024-06-28,Suape,Ensolarado,22.3,78,7.5
2024-06-29,Santos,Nublado,24.9,84,6.4
2024-06-29,Rio de Janeiro,Ensolarado,29.7,77,14.5
2024-06-29,Salvador,Nublado,23.6,71,13.2
2024-06-29,Rio Grande,Ensolarado,24.8,81,5.5
2024-06-29,Suape,Nublado,29.5,67,8.0
2024-06-30,Santos,Nublado,30.3,73,9.5
2024-06-30,Rio de Janeiro,Nublado,31.2,73,7.8
2024-06-30,Salvador,Ensolarado,24.5,63,12.9
2024-06-30,Rio Grande,Nublado,25.2,77,5.1
2024-06-30,Suape,Nublado,26.2,80,9.1
2024-07-01,Santos,Nublado,25.4,76,9.0
2024-07-01,Rio de Janeiro,Nublado,30.0,80,6.7
2024-07-01,Salvador,Nublado,29.0,66,12.4
2024-07-01,Rio Grande,Nublado,25.4,80,12.4
2024-07-01,Suape,Ensolarado,23.4,77,11.5
2024-07-02,Santos,Ensolarado,29.8,80,11.5
2024-07-02,Rio de Janeiro,Nublado,25.2,63,8.5
2024-07-02,Salvador,Nublado,31.8,71,9.2
2024-07-02,Rio Grande,Nublado,22.6,60,14.9
2024-07-02,Suape,Nublado,28.3,76,11.7
2024-07-03,Santos,Ensolarado,23.9,77,12.5
2024-07-03,Rio de Janeiro,Ensolarado,30.4,74,9.6
2024-07-03,Salvador,Ensolarado,25.7,82,12.1
2024-07-03,Rio Grande,Ensolarado,27.6,69,6.2
2024-07-03,Suape,Nublado,31.3,62,14.2
2024-07-04,Santos,Nublado,27.7,66,7.2
2024-07-04,Rio de Janeiro,Ensolarado,31.6,61,6.0
2024-07-04,Salvador,Nublado,30.4,74,5.1
2024-07-04,Rio Grande,Nublado,28.2,70,7.7
2024-07-04,Suape,Ensolarado,31.4,69,14.3
2024-07-05,Santos,Nublado,31.3,63,11.1
2024-07-05,Rio de Janeiro,Nublado,22.2,75,14.8
2024-07-05,Salvador,Nublado,30.9,71,7.9
2024-07-05,Rio Grande,Ensolarado,24.7,80,5.6
2024-07-05,Suape,Ensolarado,27.2,69,7.3
2024-07-06,Santos,Ensolarado,26.2,84,12.6
2024-07-06,Rio de Janeiro,Nublado,24.7,69,5.7
2024-07-06,Salvador,Ensolarado,30.8,67,12.8
2024-07-06,Rio Grande,Nublado,31.1,65,8.7
2024-07-06,Suape,Ensolarado,26.8,70,14.5
2024-07-07,Santos,Nublado,30.8,84,6.6
2024-07-07,Rio de Janeiro,Ensolarado,26.1,66,13.2
2024-07-07,Salvador,Ensolarado,31.1,81,11.8
2024-07-07,Rio Grande,Ensolarado,29.6,81,10.8
2024-07-07,Suape,Ensolarado,30.6,64,11.7
2024-07-08,Santos,Ensolarado,27.9,81,8.7
2024-07-08,Rio de Janeiro,Ensolarado,31.7,84,9.9
2024-07-08,Salvador,Ensolarado,30.9,72,10.4
2024-07-08,Rio Grande,Ensolarado,23.2,78,12.7
2024-07-08,Suape,Nublado,23.4,80,11.8
2024-07-09,Santos,Nublado,24.5,78,11.6
2024-07-09,Rio de Janeiro,Ensolarado,23.6,69,7.9
2024-07-09,Salvador,Nublado,25.7,60,5.4
2024-07-09,Rio Grande,Ensolarado,29.5,77,6.8
2024-07-09,Suape,Ensolarado,31.6,83,6.6
2024-07-10,Santos,Ensolarado,31.6,69,9.8
2024-07-10,Rio de Janeiro,Ensolarado,23.0,76,9.6
2024-07-10,Salvador,Nublado,31.7,76,13.2
2024-07-10,Rio Grande,Ensolarado,27.0,64,8.3
2024-07-10,Suape,Nublado,22.8,70,9.3
2024-07-11,Santos,Ensolarado,27.9,70,7.6
2024-07-11,Rio de Janeiro,Nublado,29.2,77,5.8
2024-07-11,Salvador,Ensolarado,30.9,64,7.8
2024-07-11,Rio Grande,Nublado,23.9,78,13.3
2024-07-11,Suape,Ensolarado,26.2,64,11.1
2024-07-12,Santos,Ensolarado,31.8,83,11.5
2024-07-12,Rio de Janeiro,Ensolarado,30.7,82,12.0
2024-07-12,Salvador,Nublado,23.9,76,11.8
2024-07-12,Rio Grande,Nublado,28.3,80,5.4
2024-07-12,Suape,Nublado,26.6,74,8.3
2024-07-13,Santos,Nublado,22.1,66,9.4
2024-07-13,Rio de Janeiro,Ensolarado,22.8,68,5.2
2024-07-13,Salvador,Ensolarado,26.5,67,7.4
2024-07-13,Rio Grande,Ensolarado,24.3,73,14.7
2024-07-13,Suape,Nublado,29.3,82,10.1
2024-07-14,Santos,Ensolarado,31.5,73,6.5
2024-07-14,Rio de Janeiro,Nublado,25.8,68,10.9
2024-07-14,Salvador,Ensolarado,29.9,77,9.5
2024-07-14,Rio Grande,Nublado,27.5,69,8.5
2024-07-14,Suape,Ensolarado,30.6,82,10.2
2024-07-15,Santos,Nublado,23.4,76,7.3
2024-07-15,Rio de Janeiro,Ensolarado,28.2,83,14.2
2024-07-15,Salvador,Ensolarado,27.4,68,8.6
2024-07-15,Rio Grande,Nublado,23.1,72,14.7
2024-07-15,Suape,Ensolarado,25.8,80,9.2
2024-07-16,Santos,Ensolarado,25.5,66,12.0
2024-07-16,Rio de Janeiro,Ensolarado,27.3,69,8.6
2024-07-16,Salvador,Nublado,28.7,83,7.2
2024-07-16,Rio Grande,Nublado,30.3,61,10.1
2024-07-16,Suape,Ensolarado,30.8,80,6.0
2024-07-17,Santos,Ensolarado,31.9,63,8.5
2024-07-17,Rio de Janeiro,Nublado,30.5,74,5.8
2024-07-17,Salvador,Nublado,29.8,63,14.7
2024-07-17,Rio Grande,Ensolarado,28.8,81,10.4
2024-07-17,Suape,Ensolarado,24.6,60,5.2
2024-07-18,Santos,Nublado,23.1,73,12.6
2024-07-18,Rio de Janeiro,Ensolarado,28.0,70,7.9
2024-07-18,Salvador,Nublado,22.1,61,10.2
2024-07-18,Rio Grande,Nublado,23.1,75,7.1
2024-07-18,Suape,Ensolarado,27.3,63,5.0
2024-07-19,Santos,Ensolarado,24.5,83,7.6
2024-07-19,Rio de Janeiro,Ensolarado,22.7,73,7.2
2024-07-19,Salvador,Nublado,26.6,69,8.6
2024-07-19,Rio Grande,Nublado,23.4,64,13.7
2024-07-19,Suape,Ensolarado,28.3,84,9.4
2024-07-20,Santos,Ensolarado,29.9,74,13.5
2024-07-20,Rio de Janeiro,Nublado,28.9,70,14.1
2024-07-20,Salvador,Ensolarado,24.3,67,13.1
2024-07-20,Rio Grande,Ensolarado,23.6,75,14.7
2024-07-20,Suape,Ensolarado,30.2,71,11.4
2024-07-21,Santos,Nublado,27.6,82,14.3
2024-07-21,Rio de Janeiro,Nublado,25.2,80,8.3
2024-07-21,Salvador,Ensolarado,24.1,71,5.5
2024-07-21,Rio Grande,Ensolarado,24.8,67,10.7
2024-07-21,Suape,Nublado,29.4,71,11.8
2024-07-22,Santos,Ensolarado,28.9,80,5.3
2024-07-22,Rio de Janeiro,Nublado,30.8,67,11.7
2024-07-22,Salvador,Ensolarado,24.9,72,11.9
2024-07-22,Rio Grande,Ensolarado,29.2,69,13.9
2024-07-22,Suape,Ensolarado,26.6,66,5.7
2024-07-23,Santos,Ensolarado,28.1,67,12.9
2024-07-23,Rio de Janeiro,Nublado,28.1,64,6.9
2024-07-23,Salvador,Nublado,31.0,73,6.8
2024-07-23,Rio Grande,Nublado,25.6,81,8.7
2024-07-23,Suape,Ensolarado,23.9,63,8.4
2024-07-24,Santos,Nublado,22.3,84,8.1
2024-07-24,Rio de Janeiro,Ensolarado,25.0,82,12.6
2024-07-24,Salvador,Nublado,25.7,84,9.1
2024-07-24,Rio Grande,Ensolarado,24.7,78,9.6
2024-07-24,Suape,Ensolarado,30.0,80,5.2
2024-07-25,Santos,Ensolarado,29.0,77,14.7
2024-07-25,Rio de Janeiro,Nublado,27.5,60,6.1
2024-07-25,Salvador,Nublado,27.5,80,12.9
2024-07-25,Rio Grande,Nublado,25.7,63,8.7
2024-07-25,Suape,Ensolarado,31.9,72,10.3
2024-07-26,Santos,Nublado,31.3,72,11.1
2024-07-26,Rio de Janeiro,Nublado,26.9,76,8.4
2024-07-26,Salvador,Nublado,25.2,68,11.0
2024-07-26,Rio Grande,Nublado,22.8,77,7.7
2024-07-26,Suape,Nublado,25.6,73,6.3
2024-07-27,Santos,Ensolarado,28.4,73,10.4
2024-07-27,Rio de Janeiro,Nublado,26.9,74,13.4
2024-07-27,Salvador,Ensolarado,22.8,69,14.6
2024-07-27,Rio Grande,Nublado,29.4,63,10.3
2024-07-27,Suape,Nublado,23.9,68,5.8
2024-07-28,Santos,Nublado,27.6,82,9.7
2024-07-28,Rio de Janeiro,Ensolarado,27.2,70,13.0
2024-07-28,Salvador,Nublado,28.8,69,14.8
2024-07-28,Rio Grande,Nublado,26.7,74,6.7
2024-07-28,Suape,Ensolarado,24.6,84,13.1
2024-07-29,Santos,Ensolarado,26.3,78,12.3
2024-07-29,Rio de Janeiro,Ensolarado,26.2,79,12.4
2024-07-29,Salvador,Ensolarado,25.1,77,6.4
2024-07-29,Rio Grande,Ensolarado,30.2,62,9.2
2024-07-29,Suape,Nublado,29.6,83,9.5
2024-07-30,Santos,Nublado,23.0,81,10.4
2024-07-30,Rio de Janeiro,Nublado,22.6,67,5.5
2024-07-30,Salvador,Ensolarado,30.2,63,10.6
2024-07-30,Rio Grande,Nublado,28.5,81,10.7
2024-07-30,Suape,Nublado,30.9,81,13.3
2024-07-31,Santos,Ensolarado,27.6,72,6.9
2024-07-31,Rio de Janeiro,Nublado,31.3,81,10.5
2024-07-31,Salvador,Nublado,24.1,70,13.6
2024-07-31,Rio Grande,Nublado,26.0,62,14.4
2024-07-31,Suape,Nublado,27.5,76,13.1
2024-08-01,Santos,Ensolarado,29.6,80,7.4
2024-08-01,Rio de Janeiro,Ensolarado,25.2,84,13.3
2024-08-01,Salvador,Ensolarado,23.1,69,6.1
2024-08-01,Rio Grande,Nublado,24.2,75,10.7
2024-08-01,Suape,Ensolarado,31.5,80,13.9
2024-08-02,Santos,Nublado,28.2,75,7.6
2024-08-02,Rio de Janeiro,Ensolarado,29.7,61,7.6
2024-08-02,Salvador,Ensolarado,25.5,76,9.1
2024-08-02,Rio Grande,Nublado,30.6,82,9.9
2024-08-02,Suape,Nublado,22.8,65,11.8
2024-08-03,Santos,Nublado,22.0,64,15.0
2024-08-03,Rio de Janeiro,Nublado,28.2,63,9.3
2024-08-03,Salvador,Ensolarado,31.8,78,12.3
2024-08-03,Rio Grande,Ensolarado,28.6,66,13.6
2024-08-03,Suape,Nublado,29.4,79,14.8
2024-08-04,Santos,Ensolarado,26.6,73,8.4
2024-08-04,Rio de Janeiro,Nublado,29.2,64,11.6
2024-08-04,Salvador,Ensolarado,30.3,68,12.0
2024-08-04,Rio Grande,Nublado,23.8,70,10.0
2024-08-04,Suape,Nublado,28.6,76,14.9
2024-08-05,Santos,Nublado,29.2,82,12.3
2024-08-05,Rio de Janeiro,Nublado,28.3,76,8.7
2024-08-05,Salvador,Nublado,29.6,80,8.2
2024-08-05,Rio Grande,Ensolarado,29.6,83,6.9
2024-08-05,Suape,Ensolarado,30.0,71,10.2
2024-08-06,Santos,Ensolarado,27.8,63,6.8
2024-08-06,Rio de Janeiro,Nublado,27.5,63,14.2
2024-08-06,Salvador,Nublado,24.6,73,13.0
2024-08-06,Rio Grande,Ensolarado,29.6,76,11.3
2024-08-06,Suape,Ensolarado,27.9,69,14.4
2024-08-07,Santos,Ensolarado,26.2,82,7.2
2024-08-07,Rio de Janeiro,Nublado,30.1,69,7.7
2024-08-07,Salvador,Nublado,28.0,76,14.2
2024-08-07,Rio Grande,Nublado,29.0,63,5.3
2024-08-07,Suape,Ensolarado,26.7,81,6.2
2024-08-08,Santos,Nublado,30.8,74,6.0
2024-08-08,Rio de Janeiro,Ensolarado,27.0,76,5.7
2024-08-08,Salvador,Nublado,29.0,84,15.0
2024-08-08,Rio Grande,Nublado,23.9,79,13.6
2024-08-08,Suape,Ensolarado,29.7,67,13.0
2024-08-09,Santos,Nublado,28.6,79,10.3
2024-08-09,Rio de Janeiro,Nublado,23.7,82,12.0
2024-08-09,Salvador,Ensolarado,24.3,60,6.3
2024-08-09,Rio Grande,Ensolarado,23.1,84,12.6
2024-08-09,Suape,Ensolarado,28.1,78,7.8
2024-08-10,Santos,Ensolarado,28.5,73,9.0
2024-08-10,Rio de Janeiro,Ensolarado,27.7,65,13.5
2024-08-10,Salvador,Nublado,23.0,68,9.2
2024-08-10,Rio Grande,Nublado,27.3,82,14.4
2024-08-10,Suape,Nublado,31.3,83,6.4
2024-08-11,Santos,Nublado,29.4,72,10.3
2024-08-11,Rio de Janeiro,Ensolarado,29.9,79,13.8
2024-08-11,Salvador,Ensolarado,31.9,74,5.9
2024-08-11,Rio Grande,Ensolarado,31.8,60,10.3
2024-08-11,Suape,Nublado,23.4,72,11.8
2024-08-12,Santos,Nublado,23.0,65,14.6
2024-08-12,Rio de Janeiro,Nublado,24.1,66,10.6
2024-08-12,Salvador,Nublado,27.2,77,13.3
2024-08-12,Rio Grande,Ensolarado,29.5,80,7.5
2024-08-12,Suape,Nublado,24.1,65,5.7
2024-08-13,Santos,Ensolarado,24.6,72,14.3
2024-08-13,Rio de Janeiro,Nublado,29.3,79,14.9
2024-08-13,Salvador,Nublado,27.2,78,7.1
2024-08-13,Rio Grande,Ensolarado,25.3,82,8.7
2024-08-13,Suape,Ensolarado,22.1,79,6.5
2024-08-14,Santos,Ensolarado,29.8,70,10.1
2024-08-14,Rio de Janeiro,Nublado,25.7,82,5.2
2024-08-14,Salvador,Ensolarado,28.4,80,10.4
2024-08-14,Rio Grande,Ensolarado,29.6,64,5.2
2024-08-14,Suape,Nublado,23.4,76,12.8
2024-08-15,Santos,Ensolarado,23.7,83,8.4
2024-08-15,Rio de Janeiro,Ensolarado,31.0,62,13.2
2024-08-15,Salvador,Nublado,25.5,76,11.8
2024-08-15,Rio Grande,Ensolarado,23.9,81,12.2
2024-08-15,Suape,Nublado,22.2,68,13.6
2024-08-16,Santos,Ensolarado,30.1,63,6.1
2024-08-16,Rio de Janeiro,Ensolarado,25.8,70,14.9
2024-08-16,Salvador,Nublado,25.7,78,9.8
2024-08-16,Rio Grande,Ensolarado,26.5,60,12.1
2024-08-16,Suape,Nublado,29.9,76,11.8
2024-08-17,Santos,Nublado,22.5,79,14.3
2024-08-17,Rio de Janeiro,Nublado,27.2,80,12.4
2024-08-17,Salvador,Ensolarado,25.8,61,12.5
2024-08-17,Rio Grande,Nublado,24.9,81,8.9
2024-08-17,Suape,Nublado,31.0,62,11.7
2024-08-18,Santos,Nublado,31.6,70,12.8
2024-08-18,Rio de Janeiro,Nublado,26.7,83,10.5
2024-08-18,Salvador,Nublado,31.5,83,10.4
2024-08-18,Rio Grande,Ensolarado,23.2,76,8.9
2024-08-18,Suape,Nublado,29.4,65,11.2
2024-08-19,Santos,Nublado,25.9,73,7.0
2024-08-19,Rio de Janeiro,Ensolarado,29.4,74,10.7
2024-08-19,Salvador,Ensolarado,27.7,75,7.4
2024-08-19,Rio Grande,Ensolarado,31.5,67,12.5
2024-08-19,Suape,Ensolarado,30.4,70,6.3
2024-08-20,Santos,Nublado,22.7,76,11.8
2024-08-20,Rio de Janeiro,Ensolarado,29.0,84,9.1
2024-08-20,Salvador,Ensolarado,24.0,77,13.7
2024-08-20,Rio Grande,Nublado,22.8,72,14.2
2024-08-20,Suape,Ensolarado,26.6,60,13.7
2024-08-21,Santos,Nublado,25.8,78,9.5
2024-08-21,Rio de Janeiro,Nublado,26.1,76,6.6
2024-08-21,Salvador,Nublado,28.2,66,8.5
2024-08-21,Rio Grande,Ensolarado,23.5,69,8.6
2024-08-21,Suape,Nublado,27.8,71,14.1
2024-08-22,Santos,Ensolarado,31.8,64,11.1
2024-08-22,Rio de Janeiro,Nublado,31.1,83,7.5
2024-08-22,Salvador,Nublado,30.4,75,6.9
2024-08-22,Rio Grande,Nublado,26.7,61,8.3
2024-08-22,Suape,Nublado,27.2,64,5.3
2024-08-23,Santos,Nublado,23.9,71,13.6
2024-08-23,Rio de Janeiro,Ensolarado,31.7,81,13.2
2024-08-23,Salvador,Nublado,29.4,74,13.6
2024-08-23,Rio Grande,Nublado,27.5,77,14.2
2024-08-23,Suape,Ensolarado,30.6,79,13.2
2024-08-24,Santos,Nublado,28.4,71,7.6
2024-08-24,Rio de Janeiro,Nublado,30.2,81,13.8
2024-08-24,Salvador,Ensolarado,26.3,68,10.7
2024-08-24,Rio Grande,Ensolarado,22.2,65,5.9
2024-08-24,Suape,Nublado,23.7,77,8.6
2024-08-25,Santos,Ensolarado,30.4,80,9.7
2024-08-25,Rio de Janeiro,Ensolarado,28.5,61,12.1
2024-08-25,Salvador,Ensolarado,26.8,62,8.5
2024-08-25,Rio Grande,Ensolarado,22.1,81,5.4
2024-08-25,Suape,Nublado,28.3,68,12.8
2024-08-26,Santos,Ensolarado,29.8,83,10.9
2024-08-26,Rio de Janeiro,Ensolarado,31.6,83,9.0
2024-08-26,Salvador,Nublado,28.5,70,12.5
2024-08-26,Rio Grande,Nublado,25.3,71,7.3
2024-08-26,Suape,Nublado,24.4,67,9.0
2024-08-27,Santos,Nublado,27.0,71,6.7
2024-08-27,Rio de Janeiro,Ensolarado,27.8,61,5.9
2024-08-27,Salvador,Ensolarado,30.6,80,14.3
2024-08-27,Rio Grande,Nublado,23.4,79,14.6
2024-08-27,Suape,Ensolarado,31.3,77,11.4
2024-08-28,Santos,Ensolarado,28.9,78,8.7
2024-08-28,Rio de Janeiro,Nublado,31.3,78,13.9
2024-08-28,Salvador,Ensolarado,23.0,72,6.3
2024-08-28,Rio Grande,Nublado,29.1,60,5.1
2024-08-28,Suape,Ensolarado,25.0,66,7.6
2024-08-29,Santos,Nublado,25.4,64,12.3
2024-08-29,Rio de Janeiro,Ensolarado,23.8,79,11.9
2024-08-29,Salvador,Nublado,26.3,77,15.0
2024-08-29,Rio Grande,Ensolarado,26.1,64,10.4
2024-08-29,Suape,Nublado,25.5,78,9.1
2024-08-30,Santos,Ensolarado,30.2,84,5.6
2024-08-30,Rio de Janeiro,Nublado,29.9,76,12.9
2024-08-30,Salvador,Nublado,24.4,66,7.2
2024-08-30,Rio Grande,Nublado,29.6,64,13.7
2024-08-30,Suape,Ensolarado,30.4,65,5.7
2024-08-31,Santos,Ensolarado,30.4,74,11.4
2024-08-31,Rio de Janeiro,Nublado,22.0,84,12.8
2024-08-31,Salvador,Ensolarado,30.8,66,9.0
2024-08-31,Rio Grande,Nublado,24.8,82,5.8
2024-08-31,Suape,Nublado,24.6,83,5.7
2024-09-01,Santos,Nublado,28.8,64,14.9
2024-09-01,Rio de Janeiro,Ensolarado,29.2,73,11.5
2024-09-01,Salvador,Nublado,27.3,77,5.2
2024-09-01,Rio Grande,Nublado,25.9,61,11.7
2024-09-01,Suape,Ensolarado,27.4,60,7.3
2024-09-02,Santos,Ensolarado,26.1,69,5.3
2024-09-02,Rio de Janeiro,Ensolarado,31.3,78,10.1
2024-09-02,Salvador,Nublado,29.7,75,12.8
2024-09-02,Rio Grande,Ensolarado,31.1,83,9.1
2024-09-02,Suape,Ensolarado,30.0,66,8.5
2024-09-03,Santos,Nublado,27.0,78,11.1
2024-09-03,Rio de Janeiro,Ensolarado,25.9,63,13.1
2024-09-03,Salvador,Nublado,28.6,80,11.9
2024-09-03,Rio Grande,Nublado,26.9,77,13.4
2024-09-03,Suape,Ensolarado,26.4,76,14.7
2024-09-04,Santos,Nublado,23.4,70,7.6
2024-09-04,Rio de Janeiro,Ensolarado,29.6,80,9.4
2024-09-04,Salvador,Nublado,22.7,61,6.5
2024-09-04,Rio Grande,Nublado,27.0,64,5.5
2024-09-04,Suape,Ensolarado,23.5,60,11.4
2024-09-05,Santos,Nublado,31.6,75,12.2
2024-09-05,Rio de Janeiro,Nublado,24.5,63,9.9
2024-09-05,Salvador,Nublado,25.6,82,12.1
2024-09-05,Rio Grande,Ensolarado,25.2,62,10.5
2024-09-05,Suape,Ensolarado,23.7,75,12.5
2024-09-06,Santos,Ensolarado,30.0,75,14.0
2024-09-06,Rio de Janeiro,Nublado,27.3,69,6.3
2024-09-06,Salvador,Nublado,25.7,67,6.4
2024-09-06,Rio Grande,Ensolarado,24.3,79,12.2
2024-09-06,Suape,Ensolarado,30.8,84,8.5
2024-09-07,Santos,Nublado,23.5,73,9.1
2024-09-07,Rio de Janeiro,Nublado,22.4,69,13.3
2024-09-07,Salvador,Ensolarado,25.7,75,11.8
2024-09-07,Rio Grande,Nublado,27.9,77,6.7
2024-09-07,Suape,Nublado,31.0,67,9.3
2024-09-08,Santos,Nublado,29.7,62,5.5
2024-09-08,Rio de Janeiro,Nublado,31.2,83,6.4
2024-09-08,Salvador,Ensolarado,30.6,82,12.3
2024-09-08,Rio Grande,Nublado,30.6,84,14.1
2024-09-08,Suape,Ensolarado,31.8,82,10.1
2024-09-09,Santos,Nublado,27.4,70,11.6
2024-09-09,Rio de Janeiro,Nublado,31.8,72,7.9
2024-09-09,Salvador,Nublado,31.9,64,12.6
2024-09-09,Rio Grande,Ensolarado,25.2,70,11.0
2024-09-09,Suape,Nublado,31.2,68,5.9
2024-09-10,Santos,Ensolarado,25.3,81,8.2
2024-09-10,Rio de Janeiro,Ensolarado,28.2,77,11.5
2024-09-10,Salvador,Nublado,26.7,80,14.9
2024-09-10,Rio Grande,Nublado,22.5,64,8.0
2024-09-10,Suape,Nublado,23.3,60,12.6
2024-09-11,Santos,Ensolarado,31.0,64,7.7
2024-09-11,Rio de Janeiro,Nublado,26.9,75,13.6
2024-09-11,Salvador,Ensolarado,22.6,65,13.7
2024-09-11,Rio Grande,Nublado,22.1,64,14.0
2024-09-11,Suape,Nublado,26.2,84,9.3
2024-09-12,Santos,Nublado,28.6,73,5.9
2024-09-12,Rio de Janeiro,Nublado,24.3,70,5.7
2024-09-12,Salvador,Ensolarado,27.5,64,14.3
2024-09-12,Rio Grande,Ensolarado,29.6,81,7.6
2024-09-12,Suape,Ensolarado,24.8,63,9.3
2024-09-13,Santos,Nublado,25.9,64,12.4
2024-09-13,Rio de Janeiro,Ensolarado,22.2,69,5.2
2024-09-13,Salvador,Ensolarado,25.0,66,8.6
2024-09-13,Rio Grande,Nublado,24.5,63,10.8
2024-09-13,Suape,Ensolarado,28.0,75,9.5
2024-09-14,Santos,Ensolarado,25.9,82,10.7
2024-09-14,Rio de Janeiro,Nublado,25.0,62,11.2
2024-09-14,Salvador,Nublado,23.9,64,7.9
2024-09-14,Rio Grande,Ensolarado,27.9,61,13.1
2024-09-14,Suape,Nublado,27.3,61,6.0
2024-09-15,Santos,Ensolarado,22.7,70,8.4
2024-09-15,Rio de Janeiro,Nublado,25.6,77,10.5
2024-09-15,Salvador,Ensolarado,29.5,62,11.0
2024-09-15,Rio Grande,Ensolarado,24.7,78,12.6
2024-09-15,Suape,Nublado,30.7,64,10.7
2024-09-16,Santos,Ensolarado,28.3,64,11.5
2024-09-16,Rio de Janeiro,Nublado,31.3,63,11.9
2024-09-16,Salvador,Ensolarado,29.5,81,10.9
2024-09-16,Rio Grande,Nublado,25.6,80,12.8
2024-09-16,Suape,Nublado,26.3,70,9.6
2024-09-17,Santos,Ensolarado,23.4,63,7.0
2024-09-17,Rio de Janeiro,Ensolarado,24.6,76,7.9
2024-09-17,Salvador,Ensolarado,24.3,64,5.6
2024-09-17,Rio Grande,Ensolarado,29.5,71,14.3
2024-09-17,Suape,Nublado,26.1,70,7.1
2024-09-18,Santos,Ensolarado,22.8,78,5.9
2024-09-18,Rio de Janeiro,Ensolarado,23.2,62,12.5
2024-09-18,Salvador,Ensolarado,26.2,68,7.3
2024-09-18,Rio Grande,Nublado,22.7,62,9.4
2024-09-18,Suape,Nublado,29.7,71,13.4
2024-09-19,Santos,Nublado,30.3,63,7.3
2024-09-19,Rio de Janeiro,Nublado,29.9,60,13.5
2024-09-19,Salvador,Ensolarado,23.7,65,5.0
2024-09-19,Rio Grande,Nublado,26.8,73,9.6
2024-09-19,Suape,Ensolarado,23.1,66,7.6
2024-09-20,Santos,Ensolarado,24.5,63,14.7
2024-09-20,Rio de Janeiro,Ensolarado,29.8,78,10.2
2024-09-20,Salvador,Nublado,26.1,76,5.6
2024-09-20,Rio Grande,Nublado,23.3,60,11.8
2024-09-20,Suape,Ensolarado,31.0,66,10.4
2024-09-21,Santos,Ensolarado,24.9,84,9.0
2024-09-21,Rio de Janeiro,Nublado,27.0,79,5.2
2024-09-21,Salvador,Nublado,24.4,79,7.5
2024-09-21,Rio Grande,Nublado,24.0,64,12.1
2024-09-21,Suape,Ensolarado,28.4,83,7.4
2024-09-22,Santos,Ensolarado,27.3,76,12.7
2024-09-22,Rio de Janeiro,Nublado,30.1,83,9.9
2024-09-22,Salvador,Nublado,24.8,84,14.5
2024-09-22,Rio Grande,Nublado,25.1,77,5.9
2024-09-22,Suape,Ensolarado,23.0,70,6.9
2024-09-23,Santos,Nublado,31.3,65,11.2
2024-09-23,Rio de Janeiro,Nublado,24.8,76,8.0
2024-09-23,Salvador,Ensolarado,25.0,79,13.2
2024-09-23,Rio Grande,Ensolarado,26.6,66,12.7
2024-09-23,Suape,Ensolarado,27.1,72,11.6
2024-09-24,Santos,Ensolarado,31.2,79,14.6
2024-09-24,Rio de Janeiro,Nublado,25.8,60,10.6
2024-09-24,Salvador,Ensolarado,28.0,74,13.4
2024-09-24,Rio Grande,Nublado,31.7,67,5.2
2024-09-24,Suape,Nublado,26.9,72,14.7
2024-09-25,Santos,Ensolarado,27.7,67,7.4
2024-09-25,Rio de Janeiro,Nublado,31.0,61,7.1
2024-09-25,Salvador,Nublado,26.5,73,6.5
2024-09-25,Rio Grande,Nublado,24.9,67,10.5
2024-09-25,Suape,Ensolarado,25.3,78,8.7
2024-09-26,Santos,Ensolarado,23.4,65,14.9
2024-09-26,Rio de Janeiro,Nublado,22.4,64,5.7
2024-09-26,Salvador,Nublado,23.6,75,11.8
2024-09-26,Rio Grande,Nublado,30.7,60,10.2
2024-09-26,Suape,Nublado,22.3,62,8.2
2024-09-27,Santos,Ensolarado,22.5,64,13.1
2024-09-27,Rio de Janeiro,Nublado,26.4,64,13.8
2024-09-27,Salvador,Nublado,22.2,74,7.2
2024-09-27,Rio Grande,Ensolarado,24.1,84,9.9
2024-09-27,Suape,Ensolarado,23.0,80,5.2
2024-09-28,Santos,Nublado,28.8,67,5.2
2024-09-28,Rio de Janeiro,Nublado,22.6,61,10.1
2024-09-28,Salvador,Nublado,30.0,73,8.5
2024-09-28,Rio Grande,Nublado,29.2,84,11.1
2024-09-28,Suape,Nublado,24.0,64,7.0
2024-09-29,Santos,Nublado,23.8,75,5.0
2024-09-29,Rio de Janeiro,Ensolarado,25.1,63,8.6
2024-09-29,Salvador,Nublado,30.1,73,11.9
2024-09-29,Rio Grande,Ensolarado,26.5,64,5.5
2024-09-29,Suape,Nublado,30.1,76,11.4
2024-09-30,Santos,Ensolarado,26.3,65,10.3
2024-09-30,Rio de Janeiro,Ensolarado,28.6,64,8.2
2024-09-30,Salvador,Ensolarado,29.4,68,8.2
2024-09-30,Rio Grande,Ensolarado,27.1,84,13.0
2024-09-30,Suape,Nublado,22.1,81,14.4
2024-10-01,Santos,Ensolarado,22.2,76,14.5
2024-10-01,Rio de Janeiro,Ensolarado,27.3,68,10.5
2024-10-01,Salvador,Nublado,24.3,76,12.7
2024-10-01,Rio Grande,Ensolarado,28.9,78,14.1
2024-10-01,Suape,Ensolarado,30.4,65,12.6
2024-10-02,Santos,Nublado,26.8,62,9.5
2024-10-02,Rio de Janeiro,Nublado,29.3,78,10.4
2024-10-02,Salvador,Ensolarado,22.0,80,7.5
2024-10-02,Rio Grande,Nublado,27.1,83,7.8
2024-10-02,Suape,Ensolarado,28.0,65,7.6
2024-10-03,Santos,Ensolarado,25.3,60,10.0
2024-10-03,Rio de Janeiro,Ensolarado,28.6,80,10.9
2024-10-03,Salvador,Nublado,26.0,76,6.4
2024-10-03,Rio Grande,Nublado,26.1,71,7.0
2024-10-03,Suape,Nublado,31.3,63,15.0
2024-10-04,Santos,Nublado,23.7,73,8.0
2024-10-04,Rio de Janeiro,Nublado,25.2,82,10.2
2024-10-04,Salvador,Nublado,24.6,82,12.8
2024-10-04,Rio Grande,Ensolarado,28.9,81,5.6
2024-10-04,Suape,Ensolarado,23.1,67,11.3
2024-10-05,Santos,Nublado,27.9,72,10.6
2024-10-05,Rio de Janeiro,Nublado,28.4,70,12.5
2024-10-05,Salvador,Ensolarado,25.2,63,10.5
2024-10-05,Rio Grande,Ensolarado,28.0,61,9.7
2024-10-05,Suape,Nublado,29.9,62,11.8
2024-10-06,Santos,Ensolarado,26.5,74,10.7
2024-10-06,Rio de Janeiro,Ensolarado,31.3,84,10.4
2024-10-06,Salvador,Nublado,22.8,63,13.1
2024-10-06,Rio Grande,Nublado,24.7,61,11.5
2024-10-06,Suape,Nublado,31.4,82,6.9
2024-10-07,Santos,Ensolarado,30.0,69,7.4
2024-10-07,Rio de Janeiro,Nublado,28.7,70,13.3
2024-10-07,Salvador,Ensolarado,25.0,70,7.0
2024-10-07,Rio Grande,Nublado,29.2,80,5.7
2024-10-07,Suape,Ensolarado,26.0,68,11.6
2024-10-08,Santos,Ensolarado,24.3,73,8.5
2024-10-08,Rio de Janeiro,Nublado,31.8,61,14.7
2024-10-08,Salvador,Ensolarado,28.3,79,8.5
2024-10-08,Rio Grande,Nublado,29.9,76,5.2
2024-10-08,Suape,Ensolarado,31.8,69,5.5
2024-10-09,Santos,Ensolarado,30.9,61,7.2
2024-10-09,Rio de Janeiro,Nublado,26.4,77,9.9
2024-10-09,Salvador,Nublado,27.3,71,14.0
2024-10-09,Rio Grande,Ensolarado,31.5,78,9.4
2024-10-09,Suape,Ensolarado,29.7,67,5.7
2024-10-10,Santos,Ensolarado,27.3,77,7.9
2024-10-10,Rio de Janeiro,Ensolarado,23.3,73,14.8
2024-10-10,Salvador,Nublado,23.7,73,11.6
2024-10-10,Rio Grande,Ensolarado,28.4,60,11.1
2024-10-10,Suape,Ensolarado,24.0,60,10.0
2024-10-11,Santos,Ensolarado,26.4,84,14.1
2024-10-11,Rio de Janeiro,Nublado,26.9,62,7.9
2024-10-11,Salvador,Ensolarado,31.3,68,14.8
2024-10-11,Rio Grande,Ensolarado,29.1,72,7.4
2024-10-11,Suape,Ensolarado,26.2,79,12.4
2024-10-12,Santos,Ensolarado,24.5,72,13.8
2024-10-12,Rio de Janeiro,Nublado,30.2,68,14.8
2024-10-12,Salvador,Ensolarado,29.3,80,11.6
2024-10-12,Rio Grande,Nublado,27.7,75,5.3
2024-10-12,Suape,Ensolarado,25.9,74,6.7
2024-10-13,Santos,Ensolarado,24.0,64,8.7
2024-10-13,Rio de Janeiro,Nublado,30.1,77,8.4
2024-10-13,Salvador,Nublado,24.7,66,13.2
2024-10-13,Rio Grande,Nublado,27.7,74,7.3
2024-10-13,Suape,Ensolarado,26.4,77,14.0
2024-10-14,Santos,Nublado,32.0,66,6.0
2024-10-14,Rio de Janeiro,Ensolarado,22.5,63,7.3
2024-10-14,Salvador,Ensolarado,24.1,76,7.7
2024-10-14,Rio Grande,Ensolarado,23.5,76,7.5
2024-10-14,Suape,Ensolarado,27.2,65,14.9
2024-10-15,Santos,Ensolarado,24.3,72,11.5
2024-10-15,Rio de Janeiro,Ensolarado,26.2,83,13.6
2024-10-15,Salvador,Ensolarado,31.9,70,8.4
2024-10-15,Rio Grande,Ensolarado,29.3,75,7.8
2024-10-15,Suape,Ensolarado,29.4,70,5.6
2024-10-16,Santos,Nublado,29.7,68,8.2
2024-10-16,Rio de Janeiro,Nublado,30.3,77,7.8
2024-10-16,Salvador,Ensolarado,30.6,79,6.4
2024-10-16,Rio Grande,Ensolarado,29.2,76,10.8
2024-10-16,Suape,Nublado,23.6,76,13.7
2024-10-17,Santos,Ensolarado,23.1,70,5.3
2024-10-17,Rio de Janeiro,Ensolarado,22.9,84,13.6
2024-10-17,Salvador,Nublado,31.6,69,10.8
2024-10-17,Rio Grande,Nublado,23.7,74,5.3
2024-10-17,Suape,Ensolarado,31.7,77,14.7
2024-10-18,Santos,Ensolarado,25.2,77,8.8
2024-10-18,Rio de Janeiro,Nublado,28.2,80,9.0
2024-10-18,Salvador,Ensolarado,24.3,71,7.3
2024-10-18,Rio Grande,Nublado,30.5,80,8.8
2024-10-18,Suape,Nublado,26.0,64,10.5
2024-10-19,Santos,Ensolarado,25.6,83,14.4
2024-10-19,Rio de Janeiro,Ensolarado,25.3,66,14.3
2024-10-19,Salvador,Ensolarado,23.6,69,9.1
2024-10-19,Rio Grande,Ensolarado,24.0,63,9.7
2024-10-19,Suape,Ensolarado,25.3,71,9.6
2024-10-20,Santos,Nublado,29.9,79,8.2
2024-10-20,Rio de Janeiro,Nublado,31.5,74,13.0
2024-10-20,Salvador,Nublado,28.0,78,6.9
2024-10-20,Rio Grande,Nublado,26.5,75,5.8
2024-10-20,Suape,Ensolarado,25.5,68,8.5
2024-10-21,Santos,Nublado,29.0,62,8.2
2024-10-21,Rio de Janeiro,Nublado,28.9,75,14.3
2024-10-21,Salvador,Nublado,24.5,71,8.1
2024-10-21,Rio Grande,Ensolarado,25.9,81,6.6
2024-10-21,Suape,Nublado,24.1,68,5.2
2024-10-22,Santos,Nublado,23.6,70,9.7
2024-10-22,Rio de Janeiro,Nublado,27.6,66,11.9
2024-10-22,Salvador,Nublado,30.9,77,6.7
2024-10-22,Rio Grande,Nublado,23.3,78,11.4
2024-10-22,Suape,Ensolarado,25.3,72,14.3
2024-10-23,Santos,Ensolarado,29.3,73,14.9
2024-10-23,Rio de Janeiro,Ensolarado,29.9,62,14.5
2024-10-23,Salvador,Nublado,22.3,68,13.5
2024-10-23,Rio Grande,Nublado,27.1,77,12.8
2024-10-23,Suape,Nublado,31.4,73,11.0
2024-10-24,Santos,Nublado,30.6,83,12.4
2024-10-24,Rio de Janeiro,Ensolarado,30.9,75,15.0
2024-10-24,Salvador,Ensolarado,31.8,76,14.0
2024-10-24,Rio Grande,Nublado,30.4,81,14.2
2024-10-24,Suape,Ensolarado,25.2,73,9.8
2024-10-25,Santos,Ensolarado,26.3,68,12.8
2024-10-25,Rio de Janeiro,Ensolarado,29.0,67,6.7
2024-10-25,Salvador,Ensolarado,24.6,69,6.4
2024-10-25,Rio Grande,Ensolarado,22.2,78,5.0
2024-10-25,Suape,Ensolarado,29.8,62,11.2
2024-10-26,Santos,Ensolarado,30.7,82,6.7
2024-10-26,Rio de Janeiro,Nublado,25.1,69,11.1
2024-10-26,Salvador,Ensolarado,31.4,73,7.8
2024-10-26,Rio Grande,Nublado,26.7,61,9.7
2024-10-26,Suape,Ensolarado,24.0,70,11.0
2024-10-27,Santos,Ensolarado,24.0,67,9.0
2024-10-27,Rio de Janeiro,Ensolarado,24.2,63,14.7
2024-10-27,Salvador,Nublado,27.4,73,5.7
2024-10-27,Rio Grande,Nublado,29.3,64,11.2
2024-10-27,Suape,Ensolarado,25.6,76,11.2
2024-10-28,Santos,Ensolarado,24.8,71,12.0
2024-10-28,Rio de Janeiro,Nublado,30.7,64,5.8
2024-10-28,Salvador,Nublado,26.0,76,6.1
2024-10-28,Rio Grande,Nublado,23.6,79,10.5
2024-10-28,Suape,Ensolarado,22.8,61,9.4
2024-10-29,Santos,Ensolarado,26.6,63,6.6
2024-10-29,Rio de Janeiro,Nublado,22.5,63,5.6
2024-10-29,Salvador,Ensolarado,30.5,66,10.7
2024-10-29,Rio Grande,Nublado,28.7,65,10.4
2024-10-29,Suape,Nublado,24.6,62,13.8
2024-10-30,Santos,Nublado,28.0,80,11.3
2024-10-30,Rio de Janeiro,Nublado,25.9,64,5.9
2024-10-30,Salvador,Ensolarado,27.1,63,7.0
2024-10-30,Rio Grande,Nublado,31.8,70,5.8
2024-10-30,Suape,Ensolarado,31.7,83,5.6
2024-10-31,Santos,Nublado,23.0,78,5.6
2024-10-31,Rio de Janeiro,Nublado,31.7,74,11.0
2024-10-31,Salvador,Nublado,31.0,84,10.3
2024-10-31,Rio Grande,Ensolarado,22.5,64,15.0
2024-10-31,Suape,Ensolarado,31.3,79,9.4
2024-11-01,Santos,Ensolarado,25.7,77,13.7
2024-11-01,Rio de Janeiro,Ensolarado,30.1,71,12.5
2024-11-01,Salvador,Nublado,24.5,64,11.2
2024-11-01,Rio Grande,Nublado,24.0,80,13.0
2024-11-01,Suape,Ensolarado,23.9,63,8.5
2024-11-02,Santos,Nublado,23.0,67,9.7
2024-11-02,Rio de Janeiro,Ensolarado,28.5,84,11.6
2024-11-02,Salvador,Nublado,30.2,67,11.2
2024-11-02,Rio Grande,Nublado,23.5,82,7.8
2024-11-02,Suape,Nublado,25.2,70,10.4
2024-11-03,Santos,Ensolarado,30.5,66,11.8
2024-11-03,Rio de Janeiro,Nublado,25.1,63,10.0
2024-11-03,Salvador,Ensolarado,27.3,75,12.1
2024-11-03,Rio Grande,Ensolarado,25.5,71,10.8
2024-11-03,Suape,Nublado,22.2,61,14.7
2024-11-04,Santos,Tempestade,22.2,98,17.6
2024-11-04,Rio de Janeiro,Chuvoso,19.5,92,29.4
2024-11-04,Salvador,Nublado,29.3,69,8.8
2024-11-04,Rio Grande,Ensolarado,28.3,65,6.5
2024-11-04,Suape,Nublado,22.7,78,14.3
2024-11-05,Santos,Nublado,28.6,60,8.2
2024-11-05,Rio de Janeiro,Chuvoso,23.9,97,27.4
2024-11-05,Salvador,Chuvoso,24.9,91,15.6
2024-11-05,Rio Grande,Chuvoso,22.0,92,35.4
2024-11-05,Suape,Ensolarado,30.4,71,6.0
2024-11-06,Santos,Chuvoso,22.3,89,37.3
2024-11-06,Rio de Janeiro,Tempestade,22.7,93,26.6
2024-11-06,Salvador,Chuvoso,23.6,92,16.5
2024-11-06,Rio Grande,Ensolarado,22.6,83,9.1
2024-11-06,Suape,Chuvoso,18.2,98,31.3
2024-11-07,Santos,Chuvoso,18.6,91,39.7
2024-11-07,Rio de Janeiro,Chuvoso,18.0,92,38.7
2024-11-07,Salvador,Tempestade,23.2,92,29.6
2024-11-07,Rio Grande,Chuvoso,19.7,94,34.5
2024-11-07,Suape,Tempestade,22.5,88,22.2
2024-11-08,Santos,Chuvoso,23.8,96,37.3
2024-11-08,Rio de Janeiro,Ensolarado,23.7,77,14.7
2024-11-08,Salvador,Chuvoso,20.1,91,39.4
2024-11-08,Rio Grande,Tempestade,22.7,90,27.7
2024-11-08,Suape,Chuvoso,19.4,97,19.0
2024-11-09,Santos,Nublado,31.4,71,12.6
2024-11-09,Rio de Janeiro,Tempestade,18.4,94,15.2
2024-11-09,Salvador,Chuvoso,22.0,96,19.2
2024-11-09,Rio Grande,Tempestade,20.2,89,32.6
2024-11-09,Suape,Tempestade,22.3,95,24.4
2024-11-10,Santos,Tempestade,21.1,94,31.4
2024-11-10,Rio de Janeiro,Ensolarado,23.4,83,8.4
2024-11-10,Salvador,Nublado,31.2,78,5.1
2024-11-10,Rio Grande,Ensolarado,29.3,70,14.1
2024-11-10,Suape,Nublado,28.5,77,7.3
2024-11-11,Santos,Nublado,28.7,83,6.6
2024-11-11,Rio de Janeiro,Chuvoso,24.8,92,39.2
2024-11-11,Salvador,Tempestade,24.7,98,17.2
2024-11-11,Rio Grande,Tempestade,24.3,94,25.8
2024-11-11,Suape,Tempestade,19.6,98,34.9
2024-11-12,Santos,Tempestade,18.7,89,16.9
2024-11-12,Rio de Janeiro,Chuvoso,20.3,85,36.7
2024-11-12,Salvador,Nublado,29.6,64,11.4
2024-11-12,Rio Grande,Nublado,26.8,78,11.4
2024-11-12,Suape,Tempestade,23.6,97,16.6
2024-11-13,Santos,Ensolarado,28.3,81,14.1
2024-11-13,Rio de Janeiro,Ensolarado,24.5,83,12.6
2024-11-13,Salvador,Chuvoso,19.3,88,28.2
2024-11-13,Rio Grande,Tempestade,24.2,86,30.6
2024-11-13,Suape,Chuvoso,24.3,96,35.2
2024-11-14,Santos,Nublado,28.7,63,10.2
2024-11-14,Rio de Janeiro,Chuvoso,19.6,93,22.8
2024-11-14,Salvador,Tempestade,19.3,94,39.7
2024-11-14,Rio Grande,Chuvoso,21.3,87,37.0
2024-11-14,Suape,Tempestade,22.9,96,31.7
2024-11-15,Santos,Tempestade,23.4,88,25.8
2024-11-15,Rio de Janeiro,Tempestade,22.8,93,24.2
2024-11-15,Salvador,Tempestade,24.7,86,21.8
2024-11-15,Rio Grande,Chuvoso,23.5,86,20.6
2024-11-15,Suape,Ensolarado,30.7,60,8.7
2024-11-16,Santos,Tempestade,20.1,96,23.7
2024-11-16,Rio de Janeiro,Tempestade,25.0,96,35.0
2024-11-16,Salvador,Tempestade,24.9,96,39.6
2024-11-16,Rio Grande,Ensolarado,24.5,69,7.5
2024-11-16,Suape,Chuvoso,24.2,97,19.9
2024-11-17,Santos,Nublado,23.3,64,12.2
2024-11-17,Rio de Janeiro,Tempestade,23.8,98,17.8
2024-11-17,Salvador,Tempestade,19.3,94,34.2
2024-11-17,Rio Grande,Chuvoso,20.8,97,27.6
2024-11-17,Suape,Tempestade,23.5,98,30.1
2024-11-18,Santos,Nublado,26.4,73,5.1
2024-11-18,Rio de Janeiro,Nublado,30.3,68,9.0
2024-11-18,Salvador,Ensolarado,27.6,79,8.4
2024-11-18,Rio Grande,Nublado,28.7,70,12.9
2024-11-18,Suape,Nublado,25.9,64,10.1
2024-11-19,Santos,Ensolarado,25.1,62,5.6
2024-11-19,Rio de Janeiro,Ensolarado,29.2,78,12.2
2024-11-19,Salvador,Ensolarado,24.8,66,10.5
2024-11-19,Rio Grande,Ensolarado,26.2,77,13.5
2024-11-19,Suape,Ensolarado,27.3,66,7.8
2024-11-20,Santos,Ensolarado,24.3,64,6.3
2024-11-20,Rio de Janeiro,Nublado,23.3,83,14.5
2024-11-20,Salvador,Ensolarado,24.3,74,10.4
2024-11-20,Rio Grande,Nublado,32.0,71,7.0
2024-11-20,Suape,Ensolarado,29.2,80,7.1
2024-11-21,Santos,Nublado,30.3,66,7.6
2024-11-21,Rio de Janeiro,Ensolarado,23.1,80,7.2
2024-11-21,Salvador,Nublado,22.9,70,11.4
2024-11-21,Rio Grande,Ensolarado,31.0,69,6.2
2024-11-21,Suape,Ensolarado,27.7,73,9.5
2024-11-22,Santos,Nublado,29.6,78,7.7
2024-11-22,Rio de Janeiro,Ensolarado,30.1,65,8.6
2024-11-22,Salvador,Nublado,27.0,79,6.4
2024-11-22,Rio Grande,Nublado,22.7,77,6.9
2024-11-22,Suape,Ensolarado,25.2,65,13.3
2024-11-23,Santos,Ensolarado,25.4,71,14.3
2024-11-23,Rio de Janeiro,Ensolarado,28.3,74,6.9
2024-11-23,Salvador,Ensolarado,29.1,76,6.7
2024-11-23,Rio Grande,Nublado,29.4,82,5.7
2024-11-23,Suape,Ensolarado,22.8,63,11.9
2024-11-24,Santos,Ensolarado,23.9,84,15.0
2024-11-24,Rio de Janeiro,Nublado,31.1,82,14.6
2024-11-24,Salvador,Ensolarado,27.8,75,11.0
2024-11-24,Rio Grande,Nublado,31.1,77,8.1
2024-11-24,Suape,Ensolarado,31.3,80,5.8
2024-11-25,Santos,Ensolarado,22.7,81,14.0
2024-11-25,Rio de Janeiro,Ensolarado,27.9,64,7.1
2024-11-25,Salvador,Nublado,27.1,78,7.6
2024-11-25,Rio Grande,Nublado,28.6,79,6.9
2024-11-25,Suape,Nublado,30.9,84,7.8
2024-11-26,Santos,Nublado,22.8,63,11.2
2024-11-26,Rio de Janeiro,Ensolarado,25.7,82,7.1
2024-11-26,Salvador,Nublado,26.7,69,13.6
2024-11-26,Rio Grande,Ensolarado,23.6,80,11.8
2024-11-26,Suape,Nublado,24.9,63,11.2
2024-11-27,Santos,Nublado,31.8,75,7.1
2024-11-27,Rio de Janeiro,Nublado,25.1,84,7.7
2024-11-27,Salvador,Nublado,26.4,62,10.0
2024-11-27,Rio Grande,Ensolarado,28.4,75,5.7
2024-11-27,Suape,Ensolarado,22.3,62,14.2
2024-11-28,Santos,Nublado,29.5,69,11.7
2024-11-28,Rio de Janeiro,Nublado,22.5,84,12.5
2024-11-28,Salvador,Nublado,30.7,81,5.2
2024-11-28,Rio Grande,Nublado,25.5,60,5.9
2024-11-28,Suape,Ensolarado,24.6,83,14.5
2024-11-29,Santos,Ensolarado,31.9,69,9.4
2024-11-29,Rio de Janeiro,Ensolarado,29.0,83,8.7
2024-11-29,Salvador,Nublado,29.5,83,6.0
2024-11-29,Rio Grande,Ensolarado,26.5,76,14.7
2024-11-29,Suape,Ensolarado,29.0,82,13.0
2024-11-30,Santos,Ensolarado,28.2,70,13.8
2024-11-30,Rio de Janeiro,Ensolarado,25.0,80,6.1
2024-11-30,Salvador,Nublado,22.8,64,10.8
2024-11-30,Rio Grande,Nublado,22.7,65,12.0
2024-11-30,Suape,Nublado,30.0,67,10.6
2024-12-01,Santos,Ensolarado,28.8,64,14.0
2024-12-01,Rio de Janeiro,Nublado,24.9,63,13.3
2024-12-01,Salvador,Nublado,23.8,79,7.1
2024-12-01,Rio Grande,Nublado,24.9,61,6.5
2024-12-01,Suape,Ensolarado,24.5,73,11.1
2024-12-02,Santos,Ensolarado,30.8,79,10.0
2024-12-02,Rio de Janeiro,Nublado,26.3,78,7.1
2024-12-02,Salvador,Ensolarado,29.8,60,13.5
2024-12-02,Rio Grande,Nublado,26.9,69,6.3
2024-12-02,Suape,Nublado,23.4,69,8.9
2024-12-03,Santos,Ensolarado,30.0,62,9.5
2024-12-03,Rio de Janeiro,Ensolarado,23.6,64,10.6
2024-12-03,Salvador,Ensolarado,28.2,66,14.7
2024-12-03,Rio Grande,Nublado,30.6,78,8.9
2024-12-03,Suape,Ensolarado,27.6,65,13.2
2024-12-04,Santos,Nublado,30.0,73,13.4
2024-12-04,Rio de Janeiro,Nublado,25.3,72,12.7
2024-12-04,Salvador,Ensolarado,27.5,71,6.8
2024-12-04,Rio Grande,Ensolarado,24.6,71,9.7
2024-12-04,Suape,Nublado,30.1,83,7.6
2024-12-05,Santos,Nublado,31.6,69,11.1
2024-12-05,Rio de Janeiro,Nublado,31.9,64,8.6
2024-12-05,Salvador,Nublado,27.1,60,12.9
2024-12-05,Rio Grande,Nublado,28.5,67,12.7
2024-12-05,Suape,Ensolarado,27.7,75,7.5
2024-12-06,Santos,Ensolarado,26.0,66,10.6
2024-12-06,Rio de Janeiro,Ensolarado,26.4,66,10.7
2024-12-06,Salvador,Nublado,31.5,75,8.2
2024-12-06,Rio Grande,Nublado,28.5,82,11.8
2024-12-06,Suape,Ensolarado,24.1,79,11.6
2024-12-07,Santos,Ensolarado,29.8,82,14.6
2024-12-07,Rio de Janeiro,Nublado,26.4,79,14.6
2024-12-07,Salvador,Nublado,25.7,80,12.2
2024-12-07,Rio Grande,Nublado,29.9,68,10.5
2024-12-07,Suape,Nublado,27.2,62,14.0
2024-12-08,Santos,Nublado,31.9,71,8.9
2024-12-08,Rio de Janeiro,Ensolarado,29.6,61,12.1
2024-12-08,Salvador,Ensolarado,28.2,69,8.0
2024-12-08,Rio Grande,Nublado,26.8,60,12.1
2024-12-08,Suape,Ensolarado,26.6,76,12.3
2024-12-09,Santos,Nublado,26.9,81,11.0
2024-12-09,Rio de Janeiro,Ensolarado,31.3,66,12.7
2024-12-09,Salvador,Nublado,31.9,75,13.7
2024-12-09,Rio Grande,Ensolarado,29.4,75,8.3
2024-12-09,Suape,Ensolarado,26.7,79,5.8
2024-12-10,Santos,Ensolarado,22.1,61,14.7
2024-12-10,Rio de Janeiro,Nublado,22.4,76,9.8
2024-12-10,Salvador,Nublado,25.4,69,12.6
2024-12-10,Rio Grande,Ensolarado,24.7,61,9.4
2024-12-10,Suape,Ensolarado,30.1,65,9.0
2024-12-11,Santos,Ensolarado,31.7,83,11.2
2024-12-11,Rio de Janeiro,Nublado,24.3,71,8.3
2024-12-11,Salvador,Nublado,23.5,83,6.2
2024-12-11,Rio Grande,Ensolarado,30.1,62,6.9
2024-12-11,Suape,Nublado,23.3,75,10.7
2024-12-12,Santos,Nublado,25.1,61,13.6
2024-12-12,Rio de Janeiro,Nublado,26.4,62,10.9
2024-12-12,Salvador,Ensolarado,28.6,73,11.0
2024-12-12,Rio Grande,Nublado,27.8,67,5.9
2024-12-12,Suape,Nublado,31.8,74,14.8
2024-12-13,Santos,Ensolarado,30.1,60,14.8
2024-12-13,Rio de Janeiro,Nublado,30.6,73,8.2
2024-12-13,Salvador,Nublado,31.7,79,13.9
2024-12-13,Rio Grande,Ensolarado,29.6,82,10.7
2024-12-13,Suape,Nublado,25.8,67,8.2
2024-12-14,Santos,Ensolarado,26.8,72,11.9
2024-12-14,Rio de Janeiro,Ensolarado,31.4,78,7.6
2024-12-14,Salvador,Ensolarado,23.0,71,14.6
2024-12-14,Rio Grande,Nublado,29.9,66,7.9
2024-12-14,Suape,Ensolarado,28.9,68,14.5
2024-12-15,Santos,Nublado,30.1,70,6.0
2024-12-15,Rio de Janeiro,Nublado,23.8,78,5.0
2024-12-15,Salvador,Ensolarado,25.5,61,9.6
2024-12-15,Rio Grande,Nublado,24.5,66,10.1
2024-12-15,Suape,Ensolarado,29.3,69,5.2
2024-12-16,Santos,Nublado,22.2,77,8.3
2024-12-16,Rio de Janeiro,Ensolarado,26.9,60,13.1
2024-12-16,Salvador,Nublado,27.8,74,12.4
2024-12-16,Rio Grande,Nublado,27.2,81,9.8
2024-12-16,Suape,Ensolarado,28.4,77,8.0
2024-12-17,Santos,Ensolarado,23.7,75,12.6
2024-12-17,Rio de Janeiro,Ensolarado,22.7,61,8.9
2024-12-17,Salvador,Ensolarado,27.0,66,5.4
2024-12-17,Rio Grande,Ensolarado,31.5,67,12.2
2024-12-17,Suape,Nublado,30.1,64,10.1
2024-12-18,Santos,Ensolarado,24.9,63,11.1
2024-12-18,Rio de Janeiro,Ensolarado,24.5,68,14.1
2024-12-18,Salvador,Ensolarado,25.9,73,13.2
2024-12-18,Rio Grande,Nublado,27.1,71,7.9
2024-12-18,Suape,Nublado,25.7,72,8.6
2024-12-19,Santos,Nublado,25.8,74,13.3
2024-12-19,Rio de Janeiro,Nublado,23.3,78,14.0
2024-12-19,Salvador,Ensolarado,27.5,67,9.0
2024-12-19,Rio Grande,Ensolarado,30.2,77,14.5
2024-12-19,Suape,Ensolarado,27.7,72,9.1
2024-12-20,Santos,Ensolarado,23.6,76,7.9
2024-12-20,Rio de Janeiro,Nublado,28.2,69,5.0
2024-12-20,Salvador,Ensolarado,30.8,83,13.8
2024-12-20,Rio Grande,Ensolarado,24.6,80,14.7
2024-12-20,Suape,Ensolarado,24.0,79,7.4
2024-12-21,Santos,Ensolarado,25.6,63,8.1
2024-12-21,Rio de Janeiro,Nublado,31.2,71,6.6
2024-12-21,Salvador,Ensolarado,29.2,79,9.9
2024-12-21,Rio Grande,Nublado,26.4,64,14.9
2024-12-21,Suape,Ensolarado,22.1,62,6.6
2024-12-22,Santos,Nublado,29.1,75,9.0
2024-12-22,Rio de Janeiro,Nublado,27.5,75,11.4
2024-12-22,Salvador,Ensolarado,28.6,64,5.7
2024-12-22,Rio Grande,Nublado,31.4,70,7.3
2024-12-22,Suape,Nublado,27.0,80,10.1
2024-12-23,Santos,Nublado,28.2,78,9.4
2024-12-23,Rio de Janeiro,Nublado,31.5,63,13.6
2024-12-23,Salvador,Nublado,30.4,73,8.8
2024-12-23,Rio Grande,Nublado,31.9,79,14.1
2024-12-23,Suape,Ensolarado,22.0,83,13.3
2024-12-24,Santos,Ensolarado,31.9,62,9.8
2024-12-24,Rio de Janeiro,Nublado,22.1,71,10.7
2024-12-24,Salvador,Ensolarado,24.7,65,14.3
2024-12-24,Rio Grande,Nublado,27.0,84,13.9
2024-12-24,Suape,Nublado,31.3,73,11.7
2024-12-25,Santos,Nublado,31.5,60,12.7
2024-12-25,Rio de Janeiro,Nublado,30.6,61,6.6
2024-12-25,Salvador,Ensolarado,27.7,65,12.8
2024-12-25,Rio Grande,Ensolarado,24.5,65,9.8
2024-12-25,Suape,Ensolarado,31.2,61,14.1
2024-12-26,Santos,Nublado,22.6,82,6.4
2024-12-26,Rio de Janeiro,Nublado,31.6,76,14.6
2024-12-26,Salvador,Ensolarado,22.4,80,7.4
2024-12-26,Rio Grande,Nublado,26.1,81,13.2
2024-12-26,Suape,Ensolarado,31.6,76,14.8
2024-12-27,Santos,Nublado,31.5,62,14.2
2024-12-27,Rio de Janeiro,Ensolarado,32.0,63,13.6
2024-12-27,Salvador,Nublado,30.1,65,8.6
2024-12-27,Rio Grande,Nublado,29.0,69,11.4
2024-12-27,Suape,Ensolarado,26.9,67,12.4
2024-12-28,Santos,Ensolarado,23.0,74,8.0
2024-12-28,Rio de Janeiro,Nublado,29.7,63,8.0
2024-12-28,Salvador,Nublado,29.4,75,12.6
2024-12-28,Rio Grande,Nublado,22.6,71,7.3
2024-12-28,Suape,Ensolarado,23.1,81,5.4
2024-12-29,Santos,Ensolarado,25.7,66,9.7
2024-12-29,Rio de Janeiro,Nublado,28.2,84,5.5
2024-12-29,Salvador,Nublado,29.1,77,10.2
2024-12-29,Rio Grande,Ensolarado,25.7,78,13.9
2024-12-29,Suape,Nublado,30.4,62,10.1
2024-12-30,Santos,Ensolarado,27.5,71,7.4
2024-12-30,Rio de Janeiro,Nublado,26.3,78,9.0
2024-12-30,Salvador,Ensolarado,24.0,67,5.7
2024-12-30,Rio Grande,Nublado,24.0,68,7.7
2024-12-30,Suape,Nublado,27.1,62,13.0
